<?xml version="1.0" encoding="utf-8"?>
<annotation>
  <filename>1-salti-82.csv</filename>
  <size>
    <width>2500</width>
    <height>15</height>
    <depth>1</depth>
  </size>
  <boxes>
    <object>
      <name>noise</name>
      <bndbox>
        <xmin>0</xmin>
        <xmax>969</xmax>
        <ymin>0</ymin>
        <ymax>2</ymax>
        <period>3</period>
        <soglia>0.77</soglia>
      </bndbox>
    </object>
    <object>
      <name>fragment</name>
      <bndbox>
        <xmin>969</xmin>
        <xmax>2500</xmax>
        <ymin>7</ymin>
        <ymax>8</ymax>
        <period>360</period>
        <soglia>0.24</soglia>
      </bndbox>
    </object>
  </boxes>
</annotation>