<?xml version="1.0" encoding="utf-8"?>
<annotation>
  <filename>1-salti-45.csv</filename>
  <size>
    <width>2500</width>
    <height>15</height>
    <depth>1</depth>
  </size>
  <boxes>
    <object>
      <name>noise</name>
      <bndbox>
        <xmin>0</xmin>
        <xmax>2063</xmax>
        <ymin>4</ymin>
        <ymax>5</ymax>
        <period>40</period>
        <soglia>0.75</soglia>
      </bndbox>
    </object>
    <object>
      <name>noise</name>
      <bndbox>
        <xmin>2063</xmin>
        <xmax>2500</xmax>
        <ymin>4</ymin>
        <ymax>5</ymax>
        <period>36</period>
        <soglia>0.75</soglia>
      </bndbox>
    </object>
  </boxes>
</annotation>