<?xml version="1.0" encoding="utf-8"?>
<annotation>
  <filename>1-salti-162.csv</filename>
  <size>
    <width>2500</width>
    <height>15</height>
    <depth>1</depth>
  </size>
  <boxes>
    <object>
      <name>fragment</name>
      <bndbox>
        <xmin>0</xmin>
        <xmax>786</xmax>
        <ymin>0</ymin>
        <ymax>2</ymax>
        <period>3</period>
        <soglia>0.14</soglia>
      </bndbox>
    </object>
    <object>
      <name>noise</name>
      <bndbox>
        <xmin>786</xmin>
        <xmax>2500</xmax>
        <ymin>11</ymin>
        <ymax>13</ymax>
        <period>7205</period>
        <soglia>0.55</soglia>
      </bndbox>
    </object>
  </boxes>
</annotation>