<?xml version="1.0" encoding="utf-8"?>
<annotation>
  <filename>1-salti-113.csv</filename>
  <size>
    <width>2500</width>
    <height>15</height>
    <depth>1</depth>
  </size>
  <boxes>
    <object>
      <name>fragment</name>
      <bndbox>
        <xmin>0</xmin>
        <xmax>1007</xmax>
        <ymin>2</ymin>
        <ymax>4</ymax>
        <period>14</period>
        <soglia>0.37</soglia>
      </bndbox>
    </object>
    <object>
      <name>fragment</name>
      <bndbox>
        <xmin>1007</xmin>
        <xmax>2500</xmax>
        <ymin>4</ymin>
        <ymax>6</ymax>
        <period>57</period>
        <soglia>0.21</soglia>
      </bndbox>
    </object>
  </boxes>
</annotation>