<?xml version="1.0" encoding="utf-8"?>
<annotation>
  <filename>1-salti-132.csv</filename>
  <size>
    <width>2500</width>
    <height>15</height>
    <depth>1</depth>
  </size>
  <boxes>
    <object>
      <name>noise</name>
      <bndbox>
        <xmin>0</xmin>
        <xmax>1757</xmax>
        <ymin>13</ymin>
        <ymax>14</ymax>
        <period>22010</period>
        <soglia>0.68</soglia>
      </bndbox>
    </object>
    <object>
      <name>noise</name>
      <bndbox>
        <xmin>1757</xmin>
        <xmax>2500</xmax>
        <ymin>9</ymin>
        <ymax>10</ymax>
        <period>1070</period>
        <soglia>0.57</soglia>
      </bndbox>
    </object>
  </boxes>
</annotation>