<?xml version="1.0" encoding="utf-8"?>
<annotation>
  <filename>1-salti-26.csv</filename>
  <size>
    <width>2500</width>
    <height>15</height>
    <depth>1</depth>
  </size>
  <boxes>
    <object>
      <name>fragment</name>
      <bndbox>
        <xmin>0</xmin>
        <xmax>336</xmax>
        <ymin>11</ymin>
        <ymax>12</ymax>
        <period>5662</period>
        <soglia>0.33</soglia>
      </bndbox>
    </object>
    <object>
      <name>fragment</name>
      <bndbox>
        <xmin>336</xmin>
        <xmax>2500</xmax>
        <ymin>3</ymin>
        <ymax>4</ymax>
        <period>19</period>
        <soglia>0.25</soglia>
      </bndbox>
    </object>
  </boxes>
</annotation>