<?xml version="1.0" encoding="utf-8"?>
<annotation>
  <filename>1-salti-52.csv</filename>
  <size>
    <width>2500</width>
    <height>15</height>
    <depth>1</depth>
  </size>
  <boxes>
    <object>
      <name>noise</name>
      <bndbox>
        <xmin>0</xmin>
        <xmax>1138</xmax>
        <ymin>10</ymin>
        <ymax>11</ymax>
        <period>3010</period>
        <soglia>0.54</soglia>
      </bndbox>
    </object>
    <object>
      <name>noise</name>
      <bndbox>
        <xmin>1138</xmin>
        <xmax>2500</xmax>
        <ymin>3</ymin>
        <ymax>4</ymax>
        <period>22</period>
        <soglia>0.67</soglia>
      </bndbox>
    </object>
  </boxes>
</annotation>