<?xml version="1.0" encoding="utf-8"?>
<annotation>
  <filename>1-salti-36.csv</filename>
  <size>
    <width>2500</width>
    <height>15</height>
    <depth>1</depth>
  </size>
  <boxes>
    <object>
      <name>fragment</name>
      <bndbox>
        <xmin>0</xmin>
        <xmax>1823</xmax>
        <ymin>6</ymin>
        <ymax>7</ymax>
        <period>169</period>
        <soglia>0.16</soglia>
      </bndbox>
    </object>
    <object>
      <name>noise</name>
      <bndbox>
        <xmin>1823</xmin>
        <xmax>2500</xmax>
        <ymin>4</ymin>
        <ymax>5</ymax>
        <period>36</period>
        <soglia>0.64</soglia>
      </bndbox>
    </object>
  </boxes>
</annotation>