<?xml version="1.0" encoding="utf-8"?>
<annotation>
  <filename>1-salti-8.csv</filename>
  <size>
    <width>2500</width>
    <height>15</height>
    <depth>1</depth>
  </size>
  <boxes>
    <object>
      <name>fragment</name>
      <bndbox>
        <xmin>0</xmin>
        <xmax>2131</xmax>
        <ymin>2</ymin>
        <ymax>3</ymax>
        <period>8</period>
        <soglia>0.47</soglia>
      </bndbox>
    </object>
    <object>
      <name>fragment</name>
      <bndbox>
        <xmin>2131</xmin>
        <xmax>2500</xmax>
        <ymin>8</ymin>
        <ymax>9</ymax>
        <period>544</period>
        <soglia>0.44</soglia>
      </bndbox>
    </object>
  </boxes>
</annotation>