<?xml version="1.0" encoding="utf-8"?>
<annotation>
  <filename>1-salti-37.csv</filename>
  <size>
    <width>2500</width>
    <height>15</height>
    <depth>1</depth>
  </size>
  <boxes>
    <object>
      <name>noise</name>
      <bndbox>
        <xmin>0</xmin>
        <xmax>1842</xmax>
        <ymin>3</ymin>
        <ymax>4</ymax>
        <period>19</period>
        <soglia>0.77</soglia>
      </bndbox>
    </object>
    <object>
      <name>fragment</name>
      <bndbox>
        <xmin>1842</xmin>
        <xmax>2500</xmax>
        <ymin>1</ymin>
        <ymax>2</ymax>
        <period>4</period>
        <soglia>0.26</soglia>
      </bndbox>
    </object>
  </boxes>
</annotation>