<?xml version="1.0" encoding="utf-8"?>
<annotation>
  <filename>1-salti-114.csv</filename>
  <size>
    <width>2500</width>
    <height>15</height>
    <depth>1</depth>
  </size>
  <boxes>
    <object>
      <name>fragment</name>
      <bndbox>
        <xmin>0</xmin>
        <xmax>1262</xmax>
        <ymin>9</ymin>
        <ymax>10</ymax>
        <period>1743</period>
        <soglia>0.12</soglia>
      </bndbox>
    </object>
    <object>
      <name>noise</name>
      <bndbox>
        <xmin>1262</xmin>
        <xmax>2500</xmax>
        <ymin>6</ymin>
        <ymax>7</ymax>
        <period>145</period>
        <soglia>0.77</soglia>
      </bndbox>
    </object>
  </boxes>
</annotation>