<?xml version="1.0" encoding="utf-8"?>
<annotation>
  <filename>1-salti-80.csv</filename>
  <size>
    <width>2500</width>
    <height>15</height>
    <depth>1</depth>
  </size>
  <boxes>
    <object>
      <name>fragment</name>
      <bndbox>
        <xmin>0</xmin>
        <xmax>1778</xmax>
        <ymin>12</ymin>
        <ymax>14</ymax>
        <period>15663</period>
        <soglia>0.21</soglia>
      </bndbox>
    </object>
    <object>
      <name>noise</name>
      <bndbox>
        <xmin>1778</xmin>
        <xmax>2500</xmax>
        <ymin>11</ymin>
        <ymax>12</ymax>
        <period>6137</period>
        <soglia>0.57</soglia>
      </bndbox>
    </object>
  </boxes>
</annotation>