<?xml version="1.0" encoding="utf-8"?>
<annotation>
  <filename>1-salti-131.csv</filename>
  <size>
    <width>2500</width>
    <height>15</height>
    <depth>1</depth>
  </size>
  <boxes>
    <object>
      <name>fragment</name>
      <bndbox>
        <xmin>0</xmin>
        <xmax>1704</xmax>
        <ymin>0</ymin>
        <ymax>2</ymax>
        <period>3</period>
        <soglia>0.29</soglia>
      </bndbox>
    </object>
    <object>
      <name>fragment</name>
      <bndbox>
        <xmin>1704</xmin>
        <xmax>2500</xmax>
        <ymin>12</ymin>
        <ymax>14</ymax>
        <period>14819</period>
        <soglia>0.47</soglia>
      </bndbox>
    </object>
  </boxes>
</annotation>