<?xml version="1.0" encoding="utf-8"?>
<annotation>
  <filename>1-salti-174.csv</filename>
  <size>
    <width>2500</width>
    <height>15</height>
    <depth>1</depth>
  </size>
  <boxes>
    <object>
      <name>fragment</name>
      <bndbox>
        <xmin>0</xmin>
        <xmax>1715</xmax>
        <ymin>8</ymin>
        <ymax>9</ymax>
        <period>620</period>
        <soglia>0.41</soglia>
      </bndbox>
    </object>
    <object>
      <name>noise</name>
      <bndbox>
        <xmin>1715</xmin>
        <xmax>2500</xmax>
        <ymin>6</ymin>
        <ymax>7</ymax>
        <period>171</period>
        <soglia>0.53</soglia>
      </bndbox>
    </object>
  </boxes>
</annotation>