<?xml version="1.0" encoding="utf-8"?>
<annotation>
  <filename>1-salti-176.csv</filename>
  <size>
    <width>2500</width>
    <height>15</height>
    <depth>1</depth>
  </size>
  <boxes>
    <object>
      <name>fragment</name>
      <bndbox>
        <xmin>0</xmin>
        <xmax>1218</xmax>
        <ymin>4</ymin>
        <ymax>5</ymax>
        <period>53</period>
        <soglia>0.43</soglia>
      </bndbox>
    </object>
    <object>
      <name>noise</name>
      <bndbox>
        <xmin>1218</xmin>
        <xmax>2500</xmax>
        <ymin>13</ymin>
        <ymax>14</ymax>
        <period>16418</period>
        <soglia>0.77</soglia>
      </bndbox>
    </object>
  </boxes>
</annotation>