<?xml version="1.0" encoding="utf-8"?>
<annotation>
  <filename>1-salti-94.csv</filename>
  <size>
    <width>2500</width>
    <height>15</height>
    <depth>1</depth>
  </size>
  <boxes>
    <object>
      <name>noise</name>
      <bndbox>
        <xmin>0</xmin>
        <xmax>872</xmax>
        <ymin>12</ymin>
        <ymax>13</ymax>
        <period>13541</period>
        <soglia>0.68</soglia>
      </bndbox>
    </object>
    <object>
      <name>fragment</name>
      <bndbox>
        <xmin>872</xmin>
        <xmax>2500</xmax>
        <ymin>10</ymin>
        <ymax>11</ymax>
        <period>3375</period>
        <soglia>0.13</soglia>
      </bndbox>
    </object>
  </boxes>
</annotation>