<?xml version="1.0" encoding="utf-8"?>
<annotation>
  <filename>1-salti-171.csv</filename>
  <size>
    <width>2500</width>
    <height>15</height>
    <depth>1</depth>
  </size>
  <boxes>
    <object>
      <name>noise</name>
      <bndbox>
        <xmin>0</xmin>
        <xmax>1882</xmax>
        <ymin>9</ymin>
        <ymax>10</ymax>
        <period>1564</period>
        <soglia>0.84</soglia>
      </bndbox>
    </object>
    <object>
      <name>fragment</name>
      <bndbox>
        <xmin>1882</xmin>
        <xmax>2500</xmax>
        <ymin>12</ymin>
        <ymax>14</ymax>
        <period>15454</period>
        <soglia>0.5</soglia>
      </bndbox>
    </object>
  </boxes>
</annotation>