<?xml version="1.0" encoding="utf-8"?>
<annotation>
  <filename>1-salti-21.csv</filename>
  <size>
    <width>2500</width>
    <height>15</height>
    <depth>1</depth>
  </size>
  <boxes>
    <object>
      <name>fragment</name>
      <bndbox>
        <xmin>0</xmin>
        <xmax>894</xmax>
        <ymin>2</ymin>
        <ymax>3</ymax>
        <period>11</period>
        <soglia>0.17</soglia>
      </bndbox>
    </object>
    <object>
      <name>noise</name>
      <bndbox>
        <xmin>894</xmin>
        <xmax>2500</xmax>
        <ymin>3</ymin>
        <ymax>4</ymax>
        <period>21</period>
        <soglia>0.76</soglia>
      </bndbox>
    </object>
  </boxes>
</annotation>