<?xml version="1.0" encoding="utf-8"?>
<annotation>
  <filename>1-salti-87.csv</filename>
  <size>
    <width>2500</width>
    <height>15</height>
    <depth>1</depth>
  </size>
  <boxes>
    <object>
      <name>noise</name>
      <bndbox>
        <xmin>0</xmin>
        <xmax>1154</xmax>
        <ymin>5</ymin>
        <ymax>7</ymax>
        <period>118</period>
        <soglia>0.63</soglia>
      </bndbox>
    </object>
    <object>
      <name>noise</name>
      <bndbox>
        <xmin>1154</xmin>
        <xmax>2500</xmax>
        <ymin>10</ymin>
        <ymax>11</ymax>
        <period>2671</period>
        <soglia>0.72</soglia>
      </bndbox>
    </object>
  </boxes>
</annotation>