<?xml version="1.0" encoding="utf-8"?>
<annotation>
  <filename>1-salti-54.csv</filename>
  <size>
    <width>2500</width>
    <height>15</height>
    <depth>1</depth>
  </size>
  <boxes>
    <object>
      <name>noise</name>
      <bndbox>
        <xmin>0</xmin>
        <xmax>1528</xmax>
        <ymin>9</ymin>
        <ymax>11</ymax>
        <period>2015</period>
        <soglia>0.67</soglia>
      </bndbox>
    </object>
    <object>
      <name>noise</name>
      <bndbox>
        <xmin>1528</xmin>
        <xmax>2500</xmax>
        <ymin>0</ymin>
        <ymax>1</ymax>
        <period>2</period>
        <soglia>0.84</soglia>
      </bndbox>
    </object>
  </boxes>
</annotation>