<?xml version="1.0" encoding="utf-8"?>
<annotation>
  <filename>1-salti-130.csv</filename>
  <size>
    <width>2500</width>
    <height>15</height>
    <depth>1</depth>
  </size>
  <boxes>
    <object>
      <name>noise</name>
      <bndbox>
        <xmin>0</xmin>
        <xmax>1088</xmax>
        <ymin>8</ymin>
        <ymax>10</ymax>
        <period>896</period>
        <soglia>0.53</soglia>
      </bndbox>
    </object>
    <object>
      <name>noise</name>
      <bndbox>
        <xmin>1088</xmin>
        <xmax>2500</xmax>
        <ymin>5</ymin>
        <ymax>6</ymax>
        <period>70</period>
        <soglia>0.69</soglia>
      </bndbox>
    </object>
  </boxes>
</annotation>