<?xml version="1.0" encoding="utf-8"?>
<annotation>
  <filename>1-salti-35.csv</filename>
  <size>
    <width>2500</width>
    <height>15</height>
    <depth>1</depth>
  </size>
  <boxes>
    <object>
      <name>fragment</name>
      <bndbox>
        <xmin>0</xmin>
        <xmax>2013</xmax>
        <ymin>5</ymin>
        <ymax>6</ymax>
        <period>110</period>
        <soglia>0.14</soglia>
      </bndbox>
    </object>
    <object>
      <name>noise</name>
      <bndbox>
        <xmin>2013</xmin>
        <xmax>2500</xmax>
        <ymin>1</ymin>
        <ymax>2</ymax>
        <period>4</period>
        <soglia>0.85</soglia>
      </bndbox>
    </object>
  </boxes>
</annotation>