<?xml version="1.0" encoding="utf-8"?>
<annotation>
  <filename>1-salti-31.csv</filename>
  <size>
    <width>2500</width>
    <height>15</height>
    <depth>1</depth>
  </size>
  <boxes>
    <object>
      <name>fragment</name>
      <bndbox>
        <xmin>0</xmin>
        <xmax>654</xmax>
        <ymin>10</ymin>
        <ymax>11</ymax>
        <period>2451</period>
        <soglia>0.3</soglia>
      </bndbox>
    </object>
    <object>
      <name>noise</name>
      <bndbox>
        <xmin>654</xmin>
        <xmax>2500</xmax>
        <ymin>11</ymin>
        <ymax>12</ymax>
        <period>6553</period>
        <soglia>0.77</soglia>
      </bndbox>
    </object>
  </boxes>
</annotation>