<?xml version="1.0" encoding="utf-8"?>
<annotation>
  <filename>1-salti-34.csv</filename>
  <size>
    <width>2500</width>
    <height>15</height>
    <depth>1</depth>
  </size>
  <boxes>
    <object>
      <name>fragment</name>
      <bndbox>
        <xmin>0</xmin>
        <xmax>596</xmax>
        <ymin>2</ymin>
        <ymax>3</ymax>
        <period>9</period>
        <soglia>0.36</soglia>
      </bndbox>
    </object>
    <object>
      <name>fragment</name>
      <bndbox>
        <xmin>596</xmin>
        <xmax>2500</xmax>
        <ymin>10</ymin>
        <ymax>11</ymax>
        <period>3468</period>
        <soglia>0.12</soglia>
      </bndbox>
    </object>
  </boxes>
</annotation>