<?xml version="1.0" encoding="utf-8"?>
<annotation>
  <filename>1-salti-39.csv</filename>
  <size>
    <width>2500</width>
    <height>15</height>
    <depth>1</depth>
  </size>
  <boxes>
    <object>
      <name>fragment</name>
      <bndbox>
        <xmin>0</xmin>
        <xmax>598</xmax>
        <ymin>12</ymin>
        <ymax>13</ymax>
        <period>8795</period>
        <soglia>0.2</soglia>
      </bndbox>
    </object>
    <object>
      <name>noise</name>
      <bndbox>
        <xmin>598</xmin>
        <xmax>2500</xmax>
        <ymin>9</ymin>
        <ymax>11</ymax>
        <period>1988</period>
        <soglia>0.73</soglia>
      </bndbox>
    </object>
  </boxes>
</annotation>