<?xml version="1.0" encoding="utf-8"?>
<annotation>
  <filename>1-salti-42.csv</filename>
  <size>
    <width>2500</width>
    <height>15</height>
    <depth>1</depth>
  </size>
  <boxes>
    <object>
      <name>noise</name>
      <bndbox>
        <xmin>0</xmin>
        <xmax>1188</xmax>
        <ymin>4</ymin>
        <ymax>6</ymax>
        <period>58</period>
        <soglia>0.62</soglia>
      </bndbox>
    </object>
    <object>
      <name>fragment</name>
      <bndbox>
        <xmin>1188</xmin>
        <xmax>2500</xmax>
        <ymin>7</ymin>
        <ymax>9</ymax>
        <period>453</period>
        <soglia>0.28</soglia>
      </bndbox>
    </object>
  </boxes>
</annotation>