<?xml version="1.0" encoding="utf-8"?>
<annotation>
  <filename>1-salti-83.csv</filename>
  <size>
    <width>2500</width>
    <height>15</height>
    <depth>1</depth>
  </size>
  <boxes>
    <object>
      <name>noise</name>
      <bndbox>
        <xmin>0</xmin>
        <xmax>2086</xmax>
        <ymin>11</ymin>
        <ymax>12</ymax>
        <period>5873</period>
        <soglia>0.76</soglia>
      </bndbox>
    </object>
    <object>
      <name>noise</name>
      <bndbox>
        <xmin>2086</xmin>
        <xmax>2500</xmax>
        <ymin>3</ymin>
        <ymax>5</ymax>
        <period>30</period>
        <soglia>0.71</soglia>
      </bndbox>
    </object>
  </boxes>
</annotation>