<?xml version="1.0" encoding="utf-8"?>
<annotation>
  <filename>1-salti-101.csv</filename>
  <size>
    <width>2500</width>
    <height>15</height>
    <depth>1</depth>
  </size>
  <boxes>
    <object>
      <name>noise</name>
      <bndbox>
        <xmin>0</xmin>
        <xmax>1252</xmax>
        <ymin>10</ymin>
        <ymax>11</ymax>
        <period>2568</period>
        <soglia>0.8</soglia>
      </bndbox>
    </object>
    <object>
      <name>fragment</name>
      <bndbox>
        <xmin>1252</xmin>
        <xmax>2500</xmax>
        <ymin>13</ymin>
        <ymax>14</ymax>
        <period>26184</period>
        <soglia>0.26</soglia>
      </bndbox>
    </object>
  </boxes>
</annotation>