<?xml version="1.0" encoding="utf-8"?>
<annotation>
  <filename>1-salti-18.csv</filename>
  <size>
    <width>2500</width>
    <height>15</height>
    <depth>1</depth>
  </size>
  <boxes>
    <object>
      <name>noise</name>
      <bndbox>
        <xmin>0</xmin>
        <xmax>2163</xmax>
        <ymin>11</ymin>
        <ymax>12</ymax>
        <period>5729</period>
        <soglia>0.75</soglia>
      </bndbox>
    </object>
    <object>
      <name>noise</name>
      <bndbox>
        <xmin>2163</xmin>
        <xmax>2500</xmax>
        <ymin>8</ymin>
        <ymax>9</ymax>
        <period>585</period>
        <soglia>0.76</soglia>
      </bndbox>
    </object>
  </boxes>
</annotation>