<?xml version="1.0" encoding="utf-8"?>
<annotation>
  <filename>1-salti-9.csv</filename>
  <size>
    <width>2500</width>
    <height>15</height>
    <depth>1</depth>
  </size>
  <boxes>
    <object>
      <name>fragment</name>
      <bndbox>
        <xmin>0</xmin>
        <xmax>1216</xmax>
        <ymin>6</ymin>
        <ymax>8</ymax>
        <period>241</period>
        <soglia>0.29</soglia>
      </bndbox>
    </object>
    <object>
      <name>noise</name>
      <bndbox>
        <xmin>1216</xmin>
        <xmax>2500</xmax>
        <ymin>12</ymin>
        <ymax>13</ymax>
        <period>10049</period>
        <soglia>0.7</soglia>
      </bndbox>
    </object>
  </boxes>
</annotation>