<?xml version="1.0" encoding="utf-8"?>
<annotation>
  <filename>1-salti-172.csv</filename>
  <size>
    <width>2500</width>
    <height>15</height>
    <depth>1</depth>
  </size>
  <boxes>
    <object>
      <name>fragment</name>
      <bndbox>
        <xmin>0</xmin>
        <xmax>1338</xmax>
        <ymin>10</ymin>
        <ymax>11</ymax>
        <period>3138</period>
        <soglia>0.12</soglia>
      </bndbox>
    </object>
    <object>
      <name>noise</name>
      <bndbox>
        <xmin>1338</xmin>
        <xmax>2500</xmax>
        <ymin>1</ymin>
        <ymax>2</ymax>
        <period>6</period>
        <soglia>0.74</soglia>
      </bndbox>
    </object>
  </boxes>
</annotation>