<?xml version="1.0" encoding="utf-8"?>
<annotation>
  <filename>1-salti-117.csv</filename>
  <size>
    <width>2500</width>
    <height>15</height>
    <depth>1</depth>
  </size>
  <boxes>
    <object>
      <name>noise</name>
      <bndbox>
        <xmin>0</xmin>
        <xmax>964</xmax>
        <ymin>6</ymin>
        <ymax>7</ymax>
        <period>178</period>
        <soglia>0.78</soglia>
      </bndbox>
    </object>
    <object>
      <name>noise</name>
      <bndbox>
        <xmin>964</xmin>
        <xmax>2500</xmax>
        <ymin>8</ymin>
        <ymax>9</ymax>
        <period>602</period>
        <soglia>0.88</soglia>
      </bndbox>
    </object>
  </boxes>
</annotation>