<?xml version="1.0" encoding="utf-8"?>
<annotation>
  <filename>1-salti-124.csv</filename>
  <size>
    <width>2500</width>
    <height>15</height>
    <depth>1</depth>
  </size>
  <boxes>
    <object>
      <name>fragment</name>
      <bndbox>
        <xmin>0</xmin>
        <xmax>2175</xmax>
        <ymin>13</ymin>
        <ymax>14</ymax>
        <period>26870</period>
        <soglia>0.43</soglia>
      </bndbox>
    </object>
    <object>
      <name>fragment</name>
      <bndbox>
        <xmin>2175</xmin>
        <xmax>2500</xmax>
        <ymin>1</ymin>
        <ymax>3</ymax>
        <period>7</period>
        <soglia>0.39</soglia>
      </bndbox>
    </object>
  </boxes>
</annotation>