<?xml version="1.0" encoding="utf-8"?>
<annotation>
  <filename>1-salti-112.csv</filename>
  <size>
    <width>2500</width>
    <height>15</height>
    <depth>1</depth>
  </size>
  <boxes>
    <object>
      <name>noise</name>
      <bndbox>
        <xmin>0</xmin>
        <xmax>1537</xmax>
        <ymin>6</ymin>
        <ymax>8</ymax>
        <period>240</period>
        <soglia>0.65</soglia>
      </bndbox>
    </object>
    <object>
      <name>noise</name>
      <bndbox>
        <xmin>1537</xmin>
        <xmax>2500</xmax>
        <ymin>2</ymin>
        <ymax>3</ymax>
        <period>9</period>
        <soglia>0.89</soglia>
      </bndbox>
    </object>
  </boxes>
</annotation>