<?xml version="1.0" encoding="utf-8"?>
<annotation>
  <filename>1-salti-119.csv</filename>
  <size>
    <width>2500</width>
    <height>15</height>
    <depth>1</depth>
  </size>
  <boxes>
    <object>
      <name>fragment</name>
      <bndbox>
        <xmin>0</xmin>
        <xmax>379</xmax>
        <ymin>8</ymin>
        <ymax>10</ymax>
        <period>970</period>
        <soglia>0.18</soglia>
      </bndbox>
    </object>
    <object>
      <name>noise</name>
      <bndbox>
        <xmin>379</xmin>
        <xmax>2500</xmax>
        <ymin>13</ymin>
        <ymax>14</ymax>
        <period>26130</period>
        <soglia>0.69</soglia>
      </bndbox>
    </object>
  </boxes>
</annotation>