<?xml version="1.0" encoding="utf-8"?>
<annotation>
  <filename>1-salti-46.csv</filename>
  <size>
    <width>2500</width>
    <height>15</height>
    <depth>1</depth>
  </size>
  <boxes>
    <object>
      <name>fragment</name>
      <bndbox>
        <xmin>0</xmin>
        <xmax>1271</xmax>
        <ymin>12</ymin>
        <ymax>13</ymax>
        <period>13733</period>
        <soglia>0.19</soglia>
      </bndbox>
    </object>
    <object>
      <name>fragment</name>
      <bndbox>
        <xmin>1271</xmin>
        <xmax>2500</xmax>
        <ymin>10</ymin>
        <ymax>11</ymax>
        <period>2125</period>
        <soglia>0.47</soglia>
      </bndbox>
    </object>
  </boxes>
</annotation>