<?xml version="1.0" encoding="utf-8"?>
<annotation>
  <filename>1-salti-149.csv</filename>
  <size>
    <width>2500</width>
    <height>15</height>
    <depth>1</depth>
  </size>
  <boxes>
    <object>
      <name>noise</name>
      <bndbox>
        <xmin>0</xmin>
        <xmax>1142</xmax>
        <ymin>9</ymin>
        <ymax>10</ymax>
        <period>1444</period>
        <soglia>0.54</soglia>
      </bndbox>
    </object>
    <object>
      <name>fragment</name>
      <bndbox>
        <xmin>1142</xmin>
        <xmax>2500</xmax>
        <ymin>7</ymin>
        <ymax>9</ymax>
        <period>480</period>
        <soglia>0.27</soglia>
      </bndbox>
    </object>
  </boxes>
</annotation>