<?xml version="1.0" encoding="utf-8"?>
<annotation>
  <filename>1-salti-40.csv</filename>
  <size>
    <width>2500</width>
    <height>15</height>
    <depth>1</depth>
  </size>
  <boxes>
    <object>
      <name>fragment</name>
      <bndbox>
        <xmin>0</xmin>
        <xmax>1912</xmax>
        <ymin>7</ymin>
        <ymax>8</ymax>
        <period>415</period>
        <soglia>0.17</soglia>
      </bndbox>
    </object>
    <object>
      <name>fragment</name>
      <bndbox>
        <xmin>1912</xmin>
        <xmax>2500</xmax>
        <ymin>4</ymin>
        <ymax>5</ymax>
        <period>44</period>
        <soglia>0.36</soglia>
      </bndbox>
    </object>
  </boxes>
</annotation>