<?xml version="1.0" encoding="utf-8"?>
<annotation>
  <filename>1-salti-86.csv</filename>
  <size>
    <width>2500</width>
    <height>15</height>
    <depth>1</depth>
  </size>
  <boxes>
    <object>
      <name>fragment</name>
      <bndbox>
        <xmin>0</xmin>
        <xmax>726</xmax>
        <ymin>5</ymin>
        <ymax>6</ymax>
        <period>110</period>
        <soglia>0.12</soglia>
      </bndbox>
    </object>
    <object>
      <name>noise</name>
      <bndbox>
        <xmin>726</xmin>
        <xmax>2500</xmax>
        <ymin>12</ymin>
        <ymax>14</ymax>
        <period>15939</period>
        <soglia>0.54</soglia>
      </bndbox>
    </object>
  </boxes>
</annotation>