<?xml version="1.0" encoding="utf-8"?>
<annotation>
  <filename>1-salti-11.csv</filename>
  <size>
    <width>2500</width>
    <height>15</height>
    <depth>1</depth>
  </size>
  <boxes>
    <object>
      <name>fragment</name>
      <bndbox>
        <xmin>0</xmin>
        <xmax>610</xmax>
        <ymin>10</ymin>
        <ymax>12</ymax>
        <period>3640</period>
        <soglia>0.35</soglia>
      </bndbox>
    </object>
    <object>
      <name>fragment</name>
      <bndbox>
        <xmin>610</xmin>
        <xmax>2500</xmax>
        <ymin>9</ymin>
        <ymax>10</ymax>
        <period>1153</period>
        <soglia>0.3</soglia>
      </bndbox>
    </object>
  </boxes>
</annotation>