<?xml version="1.0" encoding="utf-8"?>
<annotation>
  <filename>1-salti-43.csv</filename>
  <size>
    <width>2500</width>
    <height>15</height>
    <depth>1</depth>
  </size>
  <boxes>
    <object>
      <name>fragment</name>
      <bndbox>
        <xmin>0</xmin>
        <xmax>1401</xmax>
        <ymin>4</ymin>
        <ymax>5</ymax>
        <period>40</period>
        <soglia>0.13</soglia>
      </bndbox>
    </object>
    <object>
      <name>noise</name>
      <bndbox>
        <xmin>1401</xmin>
        <xmax>2500</xmax>
        <ymin>5</ymin>
        <ymax>7</ymax>
        <period>126</period>
        <soglia>0.82</soglia>
      </bndbox>
    </object>
  </boxes>
</annotation>