<?xml version="1.0" encoding="utf-8"?>
<annotation>
  <filename>1-salti-38.csv</filename>
  <size>
    <width>2500</width>
    <height>15</height>
    <depth>1</depth>
  </size>
  <boxes>
    <object>
      <name>fragment</name>
      <bndbox>
        <xmin>0</xmin>
        <xmax>1653</xmax>
        <ymin>1</ymin>
        <ymax>3</ymax>
        <period>7</period>
        <soglia>0.18</soglia>
      </bndbox>
    </object>
    <object>
      <name>fragment</name>
      <bndbox>
        <xmin>1653</xmin>
        <xmax>2500</xmax>
        <ymin>4</ymin>
        <ymax>5</ymax>
        <period>46</period>
        <soglia>0.42</soglia>
      </bndbox>
    </object>
  </boxes>
</annotation>