<?xml version="1.0" encoding="utf-8"?>
<annotation>
  <filename>1-salti-159.csv</filename>
  <size>
    <width>2500</width>
    <height>15</height>
    <depth>1</depth>
  </size>
  <boxes>
    <object>
      <name>noise</name>
      <bndbox>
        <xmin>0</xmin>
        <xmax>669</xmax>
        <ymin>13</ymin>
        <ymax>15</ymax>
        <period>29748</period>
        <soglia>0.79</soglia>
      </bndbox>
    </object>
    <object>
      <name>fragment</name>
      <bndbox>
        <xmin>669</xmin>
        <xmax>2500</xmax>
        <ymin>0</ymin>
        <ymax>1</ymax>
        <period>2</period>
        <soglia>0.31</soglia>
      </bndbox>
    </object>
  </boxes>
</annotation>