<?xml version="1.0" encoding="utf-8"?>
<annotation>
  <filename>1-salti-177.csv</filename>
  <size>
    <width>2500</width>
    <height>15</height>
    <depth>1</depth>
  </size>
  <boxes>
    <object>
      <name>fragment</name>
      <bndbox>
        <xmin>0</xmin>
        <xmax>1569</xmax>
        <ymin>12</ymin>
        <ymax>13</ymax>
        <period>9544</period>
        <soglia>0.21</soglia>
      </bndbox>
    </object>
    <object>
      <name>fragment</name>
      <bndbox>
        <xmin>1569</xmin>
        <xmax>2500</xmax>
        <ymin>6</ymin>
        <ymax>7</ymax>
        <period>202</period>
        <soglia>0.43</soglia>
      </bndbox>
    </object>
  </boxes>
</annotation>