<?xml version="1.0" encoding="utf-8"?>
<annotation>
  <filename>1-salti-24.csv</filename>
  <size>
    <width>2500</width>
    <height>15</height>
    <depth>1</depth>
  </size>
  <boxes>
    <object>
      <name>noise</name>
      <bndbox>
        <xmin>0</xmin>
        <xmax>808</xmax>
        <ymin>9</ymin>
        <ymax>10</ymax>
        <period>1228</period>
        <soglia>0.77</soglia>
      </bndbox>
    </object>
    <object>
      <name>noise</name>
      <bndbox>
        <xmin>808</xmin>
        <xmax>2500</xmax>
        <ymin>11</ymin>
        <ymax>12</ymax>
        <period>6223</period>
        <soglia>0.56</soglia>
      </bndbox>
    </object>
  </boxes>
</annotation>