<?xml version="1.0" encoding="utf-8"?>
<annotation>
  <filename>1-salti-97.csv</filename>
  <size>
    <width>2500</width>
    <height>15</height>
    <depth>1</depth>
  </size>
  <boxes>
    <object>
      <name>noise</name>
      <bndbox>
        <xmin>0</xmin>
        <xmax>1762</xmax>
        <ymin>9</ymin>
        <ymax>10</ymax>
        <period>1150</period>
        <soglia>0.8</soglia>
      </bndbox>
    </object>
    <object>
      <name>noise</name>
      <bndbox>
        <xmin>1762</xmin>
        <xmax>2500</xmax>
        <ymin>4</ymin>
        <ymax>5</ymax>
        <period>47</period>
        <soglia>0.66</soglia>
      </bndbox>
    </object>
  </boxes>
</annotation>