<?xml version="1.0" encoding="utf-8"?>
<annotation>
  <filename>1-salti-93.csv</filename>
  <size>
    <width>2500</width>
    <height>15</height>
    <depth>1</depth>
  </size>
  <boxes>
    <object>
      <name>noise</name>
      <bndbox>
        <xmin>0</xmin>
        <xmax>1904</xmax>
        <ymin>9</ymin>
        <ymax>10</ymax>
        <period>1576</period>
        <soglia>0.8</soglia>
      </bndbox>
    </object>
    <object>
      <name>fragment</name>
      <bndbox>
        <xmin>1904</xmin>
        <xmax>2500</xmax>
        <ymin>12</ymin>
        <ymax>13</ymax>
        <period>10212</period>
        <soglia>0.37</soglia>
      </bndbox>
    </object>
  </boxes>
</annotation>