<?xml version="1.0" encoding="utf-8"?>
<annotation>
  <filename>1-salti-92.csv</filename>
  <size>
    <width>2500</width>
    <height>15</height>
    <depth>1</depth>
  </size>
  <boxes>
    <object>
      <name>fragment</name>
      <bndbox>
        <xmin>0</xmin>
        <xmax>2027</xmax>
        <ymin>4</ymin>
        <ymax>5</ymax>
        <period>34</period>
        <soglia>0.46</soglia>
      </bndbox>
    </object>
    <object>
      <name>noise</name>
      <bndbox>
        <xmin>2027</xmin>
        <xmax>2500</xmax>
        <ymin>12</ymin>
        <ymax>13</ymax>
        <period>13883</period>
        <soglia>0.86</soglia>
      </bndbox>
    </object>
  </boxes>
</annotation>