<?xml version="1.0" encoding="utf-8"?>
<annotation>
  <filename>1-salti-44.csv</filename>
  <size>
    <width>2500</width>
    <height>15</height>
    <depth>1</depth>
  </size>
  <boxes>
    <object>
      <name>noise</name>
      <bndbox>
        <xmin>0</xmin>
        <xmax>1642</xmax>
        <ymin>13</ymin>
        <ymax>14</ymax>
        <period>24766</period>
        <soglia>0.64</soglia>
      </bndbox>
    </object>
    <object>
      <name>noise</name>
      <bndbox>
        <xmin>1642</xmin>
        <xmax>2500</xmax>
        <ymin>9</ymin>
        <ymax>10</ymax>
        <period>1257</period>
        <soglia>0.77</soglia>
      </bndbox>
    </object>
  </boxes>
</annotation>