<?xml version="1.0" encoding="utf-8"?>
<annotation>
  <filename>1-salti-68.csv</filename>
  <size>
    <width>2500</width>
    <height>15</height>
    <depth>1</depth>
  </size>
  <boxes>
    <object>
      <name>fragment</name>
      <bndbox>
        <xmin>0</xmin>
        <xmax>1314</xmax>
        <ymin>10</ymin>
        <ymax>11</ymax>
        <period>2607</period>
        <soglia>0.47</soglia>
      </bndbox>
    </object>
    <object>
      <name>noise</name>
      <bndbox>
        <xmin>1314</xmin>
        <xmax>2500</xmax>
        <ymin>1</ymin>
        <ymax>2</ymax>
        <period>6</period>
        <soglia>0.79</soglia>
      </bndbox>
    </object>
  </boxes>
</annotation>