<?xml version="1.0" encoding="utf-8"?>
<annotation>
  <filename>1-salti-19.csv</filename>
  <size>
    <width>2500</width>
    <height>15</height>
    <depth>1</depth>
  </size>
  <boxes>
    <object>
      <name>noise</name>
      <bndbox>
        <xmin>0</xmin>
        <xmax>2029</xmax>
        <ymin>1</ymin>
        <ymax>3</ymax>
        <period>7</period>
        <soglia>0.87</soglia>
      </bndbox>
    </object>
    <object>
      <name>noise</name>
      <bndbox>
        <xmin>2029</xmin>
        <xmax>2500</xmax>
        <ymin>10</ymin>
        <ymax>11</ymax>
        <period>2274</period>
        <soglia>0.79</soglia>
      </bndbox>
    </object>
  </boxes>
</annotation>