<?xml version="1.0" encoding="utf-8"?>
<annotation>
  <filename>1-salti-78.csv</filename>
  <size>
    <width>2500</width>
    <height>15</height>
    <depth>1</depth>
  </size>
  <boxes>
    <object>
      <name>fragment</name>
      <bndbox>
        <xmin>0</xmin>
        <xmax>604</xmax>
        <ymin>3</ymin>
        <ymax>5</ymax>
        <period>29</period>
        <soglia>0.28</soglia>
      </bndbox>
    </object>
    <object>
      <name>noise</name>
      <bndbox>
        <xmin>604</xmin>
        <xmax>2500</xmax>
        <ymin>8</ymin>
        <ymax>9</ymax>
        <period>616</period>
        <soglia>0.85</soglia>
      </bndbox>
    </object>
  </boxes>
</annotation>