<?xml version="1.0" encoding="utf-8"?>
<annotation>
  <filename>1-salti-125.csv</filename>
  <size>
    <width>2500</width>
    <height>15</height>
    <depth>1</depth>
  </size>
  <boxes>
    <object>
      <name>noise</name>
      <bndbox>
        <xmin>0</xmin>
        <xmax>1587</xmax>
        <ymin>0</ymin>
        <ymax>1</ymax>
        <period>2</period>
        <soglia>0.65</soglia>
      </bndbox>
    </object>
    <object>
      <name>noise</name>
      <bndbox>
        <xmin>1587</xmin>
        <xmax>2500</xmax>
        <ymin>11</ymin>
        <ymax>13</ymax>
        <period>7283</period>
        <soglia>0.74</soglia>
      </bndbox>
    </object>
  </boxes>
</annotation>