<?xml version="1.0" encoding="utf-8"?>
<annotation>
  <filename>1-salti-41.csv</filename>
  <size>
    <width>2500</width>
    <height>15</height>
    <depth>1</depth>
  </size>
  <boxes>
    <object>
      <name>fragment</name>
      <bndbox>
        <xmin>0</xmin>
        <xmax>842</xmax>
        <ymin>8</ymin>
        <ymax>9</ymax>
        <period>726</period>
        <soglia>0.37</soglia>
      </bndbox>
    </object>
    <object>
      <name>noise</name>
      <bndbox>
        <xmin>842</xmin>
        <xmax>2500</xmax>
        <ymin>5</ymin>
        <ymax>6</ymax>
        <period>106</period>
        <soglia>0.78</soglia>
      </bndbox>
    </object>
  </boxes>
</annotation>