<?xml version="1.0" encoding="utf-8"?>
<annotation>
  <filename>1-salti-116.csv</filename>
  <size>
    <width>2500</width>
    <height>15</height>
    <depth>1</depth>
  </size>
  <boxes>
    <object>
      <name>fragment</name>
      <bndbox>
        <xmin>0</xmin>
        <xmax>864</xmax>
        <ymin>8</ymin>
        <ymax>10</ymax>
        <period>983</period>
        <soglia>0.21</soglia>
      </bndbox>
    </object>
    <object>
      <name>fragment</name>
      <bndbox>
        <xmin>864</xmin>
        <xmax>2500</xmax>
        <ymin>7</ymin>
        <ymax>8</ymax>
        <period>278</period>
        <soglia>0.37</soglia>
      </bndbox>
    </object>
  </boxes>
</annotation>