<?xml version="1.0" encoding="utf-8"?>
<annotation>
  <filename>1-salti-170.csv</filename>
  <size>
    <width>2500</width>
    <height>15</height>
    <depth>1</depth>
  </size>
  <boxes>
    <object>
      <name>noise</name>
      <bndbox>
        <xmin>0</xmin>
        <xmax>1809</xmax>
        <ymin>9</ymin>
        <ymax>11</ymax>
        <period>1899</period>
        <soglia>0.71</soglia>
      </bndbox>
    </object>
    <object>
      <name>fragment</name>
      <bndbox>
        <xmin>1809</xmin>
        <xmax>2500</xmax>
        <ymin>3</ymin>
        <ymax>5</ymax>
        <period>28</period>
        <soglia>0.45</soglia>
      </bndbox>
    </object>
  </boxes>
</annotation>