<?xml version="1.0" encoding="utf-8"?>
<annotation>
  <filename>1-salti-160.csv</filename>
  <size>
    <width>2500</width>
    <height>15</height>
    <depth>1</depth>
  </size>
  <boxes>
    <object>
      <name>noise</name>
      <bndbox>
        <xmin>0</xmin>
        <xmax>1045</xmax>
        <ymin>13</ymin>
        <ymax>14</ymax>
        <period>25056</period>
        <soglia>0.87</soglia>
      </bndbox>
    </object>
    <object>
      <name>noise</name>
      <bndbox>
        <xmin>1045</xmin>
        <xmax>2500</xmax>
        <ymin>12</ymin>
        <ymax>13</ymax>
        <period>8524</period>
        <soglia>0.66</soglia>
      </bndbox>
    </object>
  </boxes>
</annotation>