<?xml version="1.0" encoding="utf-8"?>
<annotation>
  <filename>1-salti-189.csv</filename>
  <size>
    <width>2500</width>
    <height>15</height>
    <depth>1</depth>
  </size>
  <boxes>
    <object>
      <name>fragment</name>
      <bndbox>
        <xmin>0</xmin>
        <xmax>1716</xmax>
        <ymin>13</ymin>
        <ymax>14</ymax>
        <period>28140</period>
        <soglia>0.22</soglia>
      </bndbox>
    </object>
    <object>
      <name>noise</name>
      <bndbox>
        <xmin>1716</xmin>
        <xmax>2500</xmax>
        <ymin>5</ymin>
        <ymax>6</ymax>
        <period>88</period>
        <soglia>0.55</soglia>
      </bndbox>
    </object>
  </boxes>
</annotation>