<?xml version="1.0" encoding="utf-8"?>
<annotation>
  <filename>1-salti-51.csv</filename>
  <size>
    <width>2500</width>
    <height>15</height>
    <depth>1</depth>
  </size>
  <boxes>
    <object>
      <name>noise</name>
      <bndbox>
        <xmin>0</xmin>
        <xmax>642</xmax>
        <ymin>6</ymin>
        <ymax>7</ymax>
        <period>165</period>
        <soglia>0.65</soglia>
      </bndbox>
    </object>
    <object>
      <name>noise</name>
      <bndbox>
        <xmin>642</xmin>
        <xmax>2500</xmax>
        <ymin>12</ymin>
        <ymax>13</ymax>
        <period>9565</period>
        <soglia>0.89</soglia>
      </bndbox>
    </object>
  </boxes>
</annotation>