<?xml version="1.0" encoding="utf-8"?>
<annotation>
  <filename>1-salti-22.csv</filename>
  <size>
    <width>2500</width>
    <height>15</height>
    <depth>1</depth>
  </size>
  <boxes>
    <object>
      <name>noise</name>
      <bndbox>
        <xmin>0</xmin>
        <xmax>540</xmax>
        <ymin>13</ymin>
        <ymax>15</ymax>
        <period>30806</period>
        <soglia>0.52</soglia>
      </bndbox>
    </object>
    <object>
      <name>noise</name>
      <bndbox>
        <xmin>540</xmin>
        <xmax>2500</xmax>
        <ymin>6</ymin>
        <ymax>7</ymax>
        <period>191</period>
        <soglia>0.87</soglia>
      </bndbox>
    </object>
  </boxes>
</annotation>