<?xml version="1.0" encoding="utf-8"?>
<annotation>
  <filename>1-salti-56.csv</filename>
  <size>
    <width>2500</width>
    <height>15</height>
    <depth>1</depth>
  </size>
  <boxes>
    <object>
      <name>noise</name>
      <bndbox>
        <xmin>0</xmin>
        <xmax>1302</xmax>
        <ymin>4</ymin>
        <ymax>5</ymax>
        <period>33</period>
        <soglia>0.84</soglia>
      </bndbox>
    </object>
    <object>
      <name>fragment</name>
      <bndbox>
        <xmin>1302</xmin>
        <xmax>2500</xmax>
        <ymin>8</ymin>
        <ymax>9</ymax>
        <period>566</period>
        <soglia>0.45</soglia>
      </bndbox>
    </object>
  </boxes>
</annotation>