<?xml version="1.0" encoding="utf-8"?>
<annotation>
  <filename>1-salti-47.csv</filename>
  <size>
    <width>2500</width>
    <height>15</height>
    <depth>1</depth>
  </size>
  <boxes>
    <object>
      <name>fragment</name>
      <bndbox>
        <xmin>0</xmin>
        <xmax>611</xmax>
        <ymin>11</ymin>
        <ymax>13</ymax>
        <period>7430</period>
        <soglia>0.39</soglia>
      </bndbox>
    </object>
    <object>
      <name>noise</name>
      <bndbox>
        <xmin>611</xmin>
        <xmax>2500</xmax>
        <ymin>6</ymin>
        <ymax>8</ymax>
        <period>229</period>
        <soglia>0.88</soglia>
      </bndbox>
    </object>
  </boxes>
</annotation>