<?xml version="1.0" encoding="utf-8"?>
<annotation>
  <filename>1-salti-30.csv</filename>
  <size>
    <width>2500</width>
    <height>15</height>
    <depth>1</depth>
  </size>
  <boxes>
    <object>
      <name>fragment</name>
      <bndbox>
        <xmin>0</xmin>
        <xmax>1995</xmax>
        <ymin>10</ymin>
        <ymax>11</ymax>
        <period>2806</period>
        <soglia>0.12</soglia>
      </bndbox>
    </object>
    <object>
      <name>noise</name>
      <bndbox>
        <xmin>1995</xmin>
        <xmax>2500</xmax>
        <ymin>8</ymin>
        <ymax>10</ymax>
        <period>969</period>
        <soglia>0.66</soglia>
      </bndbox>
    </object>
  </boxes>
</annotation>