<?xml version="1.0" encoding="utf-8"?>
<annotation>
  <filename>1-salti-96.csv</filename>
  <size>
    <width>2500</width>
    <height>15</height>
    <depth>1</depth>
  </size>
  <boxes>
    <object>
      <name>fragment</name>
      <bndbox>
        <xmin>0</xmin>
        <xmax>770</xmax>
        <ymin>13</ymin>
        <ymax>14</ymax>
        <period>25718</period>
        <soglia>0.43</soglia>
      </bndbox>
    </object>
    <object>
      <name>noise</name>
      <bndbox>
        <xmin>770</xmin>
        <xmax>2500</xmax>
        <ymin>10</ymin>
        <ymax>11</ymax>
        <period>3253</period>
        <soglia>0.81</soglia>
      </bndbox>
    </object>
  </boxes>
</annotation>