<?xml version="1.0" encoding="utf-8"?>
<annotation>
  <filename>1-salti-163.csv</filename>
  <size>
    <width>2500</width>
    <height>15</height>
    <depth>1</depth>
  </size>
  <boxes>
    <object>
      <name>noise</name>
      <bndbox>
        <xmin>0</xmin>
        <xmax>463</xmax>
        <ymin>3</ymin>
        <ymax>4</ymax>
        <period>22</period>
        <soglia>0.61</soglia>
      </bndbox>
    </object>
    <object>
      <name>noise</name>
      <bndbox>
        <xmin>463</xmin>
        <xmax>2500</xmax>
        <ymin>1</ymin>
        <ymax>2</ymax>
        <period>4</period>
        <soglia>0.56</soglia>
      </bndbox>
    </object>
  </boxes>
</annotation>