<?xml version="1.0" encoding="utf-8"?>
<annotation>
  <filename>1-salti-199.csv</filename>
  <size>
    <width>2500</width>
    <height>15</height>
    <depth>1</depth>
  </size>
  <boxes>
    <object>
      <name>noise</name>
      <bndbox>
        <xmin>0</xmin>
        <xmax>619</xmax>
        <ymin>4</ymin>
        <ymax>5</ymax>
        <period>48</period>
        <soglia>0.58</soglia>
      </bndbox>
    </object>
    <object>
      <name>noise</name>
      <bndbox>
        <xmin>619</xmin>
        <xmax>2500</xmax>
        <ymin>0</ymin>
        <ymax>1</ymax>
        <period>2</period>
        <soglia>0.67</soglia>
      </bndbox>
    </object>
  </boxes>
</annotation>