<?xml version="1.0" encoding="utf-8"?>
<annotation>
  <filename>1-salti-188.csv</filename>
  <size>
    <width>2500</width>
    <height>15</height>
    <depth>1</depth>
  </size>
  <boxes>
    <object>
      <name>fragment</name>
      <bndbox>
        <xmin>0</xmin>
        <xmax>2011</xmax>
        <ymin>12</ymin>
        <ymax>13</ymax>
        <period>13874</period>
        <soglia>0.39</soglia>
      </bndbox>
    </object>
    <object>
      <name>fragment</name>
      <bndbox>
        <xmin>2011</xmin>
        <xmax>2500</xmax>
        <ymin>6</ymin>
        <ymax>7</ymax>
        <period>178</period>
        <soglia>0.26</soglia>
      </bndbox>
    </object>
  </boxes>
</annotation>