<?xml version="1.0" encoding="utf-8"?>
<annotation>
  <filename>1-salti-91.csv</filename>
  <size>
    <width>2500</width>
    <height>15</height>
    <depth>1</depth>
  </size>
  <boxes>
    <object>
      <name>fragment</name>
      <bndbox>
        <xmin>0</xmin>
        <xmax>733</xmax>
        <ymin>6</ymin>
        <ymax>7</ymax>
        <period>212</period>
        <soglia>0.49</soglia>
      </bndbox>
    </object>
    <object>
      <name>noise</name>
      <bndbox>
        <xmin>733</xmin>
        <xmax>2500</xmax>
        <ymin>9</ymin>
        <ymax>10</ymax>
        <period>1219</period>
        <soglia>0.57</soglia>
      </bndbox>
    </object>
  </boxes>
</annotation>