<?xml version="1.0" encoding="utf-8"?>
<annotation>
  <filename>1-salti-23.csv</filename>
  <size>
    <width>2500</width>
    <height>15</height>
    <depth>1</depth>
  </size>
  <boxes>
    <object>
      <name>fragment</name>
      <bndbox>
        <xmin>0</xmin>
        <xmax>1323</xmax>
        <ymin>2</ymin>
        <ymax>3</ymax>
        <period>8</period>
        <soglia>0.12</soglia>
      </bndbox>
    </object>
    <object>
      <name>fragment</name>
      <bndbox>
        <xmin>1323</xmin>
        <xmax>2500</xmax>
        <ymin>1</ymin>
        <ymax>2</ymax>
        <period>5</period>
        <soglia>0.21</soglia>
      </bndbox>
    </object>
  </boxes>
</annotation>