<?xml version="1.0" encoding="utf-8"?>
<annotation>
  <filename>1-salti-102.csv</filename>
  <size>
    <width>2500</width>
    <height>15</height>
    <depth>1</depth>
  </size>
  <boxes>
    <object>
      <name>fragment</name>
      <bndbox>
        <xmin>0</xmin>
        <xmax>1581</xmax>
        <ymin>8</ymin>
        <ymax>9</ymax>
        <period>672</period>
        <soglia>0.28</soglia>
      </bndbox>
    </object>
    <object>
      <name>noise</name>
      <bndbox>
        <xmin>1581</xmin>
        <xmax>2500</xmax>
        <ymin>11</ymin>
        <ymax>12</ymax>
        <period>6393</period>
        <soglia>0.79</soglia>
      </bndbox>
    </object>
  </boxes>
</annotation>