<?xml version="1.0" encoding="utf-8"?>
<annotation>
  <filename>1-salti-69.csv</filename>
  <size>
    <width>2500</width>
    <height>15</height>
    <depth>1</depth>
  </size>
  <boxes>
    <object>
      <name>noise</name>
      <bndbox>
        <xmin>0</xmin>
        <xmax>1175</xmax>
        <ymin>6</ymin>
        <ymax>7</ymax>
        <period>202</period>
        <soglia>0.69</soglia>
      </bndbox>
    </object>
    <object>
      <name>fragment</name>
      <bndbox>
        <xmin>1175</xmin>
        <xmax>2500</xmax>
        <ymin>13</ymin>
        <ymax>15</ymax>
        <period>29754</period>
        <soglia>0.47</soglia>
      </bndbox>
    </object>
  </boxes>
</annotation>