<?xml version="1.0" encoding="utf-8"?>
<annotation>
  <filename>1-salti-85.csv</filename>
  <size>
    <width>2500</width>
    <height>15</height>
    <depth>1</depth>
  </size>
  <boxes>
    <object>
      <name>noise</name>
      <bndbox>
        <xmin>0</xmin>
        <xmax>2150</xmax>
        <ymin>7</ymin>
        <ymax>8</ymax>
        <period>337</period>
        <soglia>0.59</soglia>
      </bndbox>
    </object>
    <object>
      <name>fragment</name>
      <bndbox>
        <xmin>2150</xmin>
        <xmax>2500</xmax>
        <ymin>6</ymin>
        <ymax>8</ymax>
        <period>241</period>
        <soglia>0.34</soglia>
      </bndbox>
    </object>
  </boxes>
</annotation>