<?xml version="1.0" encoding="utf-8"?>
<annotation>
  <filename>1-salti-106.csv</filename>
  <size>
    <width>2500</width>
    <height>15</height>
    <depth>1</depth>
  </size>
  <boxes>
    <object>
      <name>fragment</name>
      <bndbox>
        <xmin>0</xmin>
        <xmax>1345</xmax>
        <ymin>12</ymin>
        <ymax>13</ymax>
        <period>12874</period>
        <soglia>0.38</soglia>
      </bndbox>
    </object>
    <object>
      <name>noise</name>
      <bndbox>
        <xmin>1345</xmin>
        <xmax>2500</xmax>
        <ymin>3</ymin>
        <ymax>4</ymax>
        <period>23</period>
        <soglia>0.87</soglia>
      </bndbox>
    </object>
  </boxes>
</annotation>