<?xml version="1.0" encoding="utf-8"?>
<annotation>
  <filename>1-salti-175.csv</filename>
  <size>
    <width>2500</width>
    <height>15</height>
    <depth>1</depth>
  </size>
  <boxes>
    <object>
      <name>noise</name>
      <bndbox>
        <xmin>0</xmin>
        <xmax>1278</xmax>
        <ymin>2</ymin>
        <ymax>4</ymax>
        <period>15</period>
        <soglia>0.81</soglia>
      </bndbox>
    </object>
    <object>
      <name>fragment</name>
      <bndbox>
        <xmin>1278</xmin>
        <xmax>2500</xmax>
        <ymin>13</ymin>
        <ymax>14</ymax>
        <period>16462</period>
        <soglia>0.23</soglia>
      </bndbox>
    </object>
  </boxes>
</annotation>