<?xml version="1.0" encoding="utf-8"?>
<annotation>
  <filename>1-salti-90.csv</filename>
  <size>
    <width>2500</width>
    <height>15</height>
    <depth>1</depth>
  </size>
  <boxes>
    <object>
      <name>fragment</name>
      <bndbox>
        <xmin>0</xmin>
        <xmax>1423</xmax>
        <ymin>4</ymin>
        <ymax>6</ymax>
        <period>59</period>
        <soglia>0.1</soglia>
      </bndbox>
    </object>
    <object>
      <name>fragment</name>
      <bndbox>
        <xmin>1423</xmin>
        <xmax>2500</xmax>
        <ymin>3</ymin>
        <ymax>4</ymax>
        <period>19</period>
        <soglia>0.33</soglia>
      </bndbox>
    </object>
  </boxes>
</annotation>