<?xml version="1.0" encoding="utf-8"?>
<annotation>
  <filename>1-salti-79.csv</filename>
  <size>
    <width>2500</width>
    <height>15</height>
    <depth>1</depth>
  </size>
  <boxes>
    <object>
      <name>fragment</name>
      <bndbox>
        <xmin>0</xmin>
        <xmax>1684</xmax>
        <ymin>9</ymin>
        <ymax>10</ymax>
        <period>1127</period>
        <soglia>0.3</soglia>
      </bndbox>
    </object>
    <object>
      <name>fragment</name>
      <bndbox>
        <xmin>1684</xmin>
        <xmax>2500</xmax>
        <ymin>4</ymin>
        <ymax>5</ymax>
        <period>50</period>
        <soglia>0.17</soglia>
      </bndbox>
    </object>
  </boxes>
</annotation>