<?xml version="1.0" encoding="utf-8"?>
<annotation>
  <filename>1-salti-50.csv</filename>
  <size>
    <width>2500</width>
    <height>15</height>
    <depth>1</depth>
  </size>
  <boxes>
    <object>
      <name>fragment</name>
      <bndbox>
        <xmin>0</xmin>
        <xmax>1249</xmax>
        <ymin>1</ymin>
        <ymax>2</ymax>
        <period>4</period>
        <soglia>0.14</soglia>
      </bndbox>
    </object>
    <object>
      <name>fragment</name>
      <bndbox>
        <xmin>1249</xmin>
        <xmax>2500</xmax>
        <ymin>12</ymin>
        <ymax>14</ymax>
        <period>15452</period>
        <soglia>0.42</soglia>
      </bndbox>
    </object>
  </boxes>
</annotation>