<?xml version="1.0" encoding="utf-8"?>
<annotation>
  <filename>1-salti-158.csv</filename>
  <size>
    <width>2500</width>
    <height>15</height>
    <depth>1</depth>
  </size>
  <boxes>
    <object>
      <name>noise</name>
      <bndbox>
        <xmin>0</xmin>
        <xmax>1737</xmax>
        <ymin>13</ymin>
        <ymax>15</ymax>
        <period>32484</period>
        <soglia>0.73</soglia>
      </bndbox>
    </object>
    <object>
      <name>noise</name>
      <bndbox>
        <xmin>1737</xmin>
        <xmax>2500</xmax>
        <ymin>7</ymin>
        <ymax>8</ymax>
        <period>329</period>
        <soglia>0.89</soglia>
      </bndbox>
    </object>
  </boxes>
</annotation>