<?xml version="1.0" encoding="utf-8"?>
<annotation>
  <filename>1-salti-118.csv</filename>
  <size>
    <width>2500</width>
    <height>15</height>
    <depth>1</depth>
  </size>
  <boxes>
    <object>
      <name>noise</name>
      <bndbox>
        <xmin>0</xmin>
        <xmax>1842</xmax>
        <ymin>7</ymin>
        <ymax>8</ymax>
        <period>404</period>
        <soglia>0.83</soglia>
      </bndbox>
    </object>
    <object>
      <name>noise</name>
      <bndbox>
        <xmin>1842</xmin>
        <xmax>2500</xmax>
        <ymin>0</ymin>
        <ymax>1</ymax>
        <period>2</period>
        <soglia>0.55</soglia>
      </bndbox>
    </object>
  </boxes>
</annotation>