<?xml version="1.0" encoding="utf-8"?>
<annotation>
  <filename>1-salti-27.csv</filename>
  <size>
    <width>2500</width>
    <height>15</height>
    <depth>1</depth>
  </size>
  <boxes>
    <object>
      <name>fragment</name>
      <bndbox>
        <xmin>0</xmin>
        <xmax>1848</xmax>
        <ymin>8</ymin>
        <ymax>10</ymax>
        <period>982</period>
        <soglia>0.15</soglia>
      </bndbox>
    </object>
    <object>
      <name>fragment</name>
      <bndbox>
        <xmin>1848</xmin>
        <xmax>2500</xmax>
        <ymin>6</ymin>
        <ymax>7</ymax>
        <period>131</period>
        <soglia>0.21</soglia>
      </bndbox>
    </object>
  </boxes>
</annotation>