<?xml version="1.0" encoding="utf-8"?>
<annotation>
  <filename>1-salti-95.csv</filename>
  <size>
    <width>2500</width>
    <height>15</height>
    <depth>1</depth>
  </size>
  <boxes>
    <object>
      <name>fragment</name>
      <bndbox>
        <xmin>0</xmin>
        <xmax>1029</xmax>
        <ymin>5</ymin>
        <ymax>6</ymax>
        <period>80</period>
        <soglia>0.18</soglia>
      </bndbox>
    </object>
    <object>
      <name>fragment</name>
      <bndbox>
        <xmin>1029</xmin>
        <xmax>2500</xmax>
        <ymin>12</ymin>
        <ymax>13</ymax>
        <period>9173</period>
        <soglia>0.33</soglia>
      </bndbox>
    </object>
  </boxes>
</annotation>