<?xml version="1.0" encoding="utf-8"?>
<annotation>
  <filename>1-salti-53.csv</filename>
  <size>
    <width>2500</width>
    <height>15</height>
    <depth>1</depth>
  </size>
  <boxes>
    <object>
      <name>fragment</name>
      <bndbox>
        <xmin>0</xmin>
        <xmax>894</xmax>
        <ymin>9</ymin>
        <ymax>10</ymax>
        <period>1224</period>
        <soglia>0.36</soglia>
      </bndbox>
    </object>
    <object>
      <name>fragment</name>
      <bndbox>
        <xmin>894</xmin>
        <xmax>2500</xmax>
        <ymin>9</ymin>
        <ymax>10</ymax>
        <period>1177</period>
        <soglia>0.27</soglia>
      </bndbox>
    </object>
  </boxes>
</annotation>