<?xml version="1.0" encoding="utf-8"?>
<annotation>
  <filename>1-salti-165.csv</filename>
  <size>
    <width>2500</width>
    <height>15</height>
    <depth>1</depth>
  </size>
  <boxes>
    <object>
      <name>fragment</name>
      <bndbox>
        <xmin>0</xmin>
        <xmax>1480</xmax>
        <ymin>11</ymin>
        <ymax>12</ymax>
        <period>5481</period>
        <soglia>0.47</soglia>
      </bndbox>
    </object>
    <object>
      <name>fragment</name>
      <bndbox>
        <xmin>1480</xmin>
        <xmax>2500</xmax>
        <ymin>0</ymin>
        <ymax>1</ymax>
        <period>2</period>
        <soglia>0.19</soglia>
      </bndbox>
    </object>
  </boxes>
</annotation>