<?xml version="1.0" encoding="utf-8"?>
<annotation>
  <filename>1-salti-167.csv</filename>
  <size>
    <width>2500</width>
    <height>15</height>
    <depth>1</depth>
  </size>
  <boxes>
    <object>
      <name>noise</name>
      <bndbox>
        <xmin>0</xmin>
        <xmax>1187</xmax>
        <ymin>7</ymin>
        <ymax>8</ymax>
        <period>417</period>
        <soglia>0.51</soglia>
      </bndbox>
    </object>
    <object>
      <name>noise</name>
      <bndbox>
        <xmin>1187</xmin>
        <xmax>2500</xmax>
        <ymin>4</ymin>
        <ymax>5</ymax>
        <period>55</period>
        <soglia>0.89</soglia>
      </bndbox>
    </object>
  </boxes>
</annotation>