<?xml version="1.0" encoding="utf-8"?>
<annotation>
  <filename>1-salti-10.csv</filename>
  <size>
    <width>2500</width>
    <height>15</height>
    <depth>1</depth>
  </size>
  <boxes>
    <object>
      <name>fragment</name>
      <bndbox>
        <xmin>0</xmin>
        <xmax>824</xmax>
        <ymin>12</ymin>
        <ymax>13</ymax>
        <period>14131</period>
        <soglia>0.23</soglia>
      </bndbox>
    </object>
    <object>
      <name>fragment</name>
      <bndbox>
        <xmin>824</xmin>
        <xmax>2500</xmax>
        <ymin>2</ymin>
        <ymax>4</ymax>
        <period>14</period>
        <soglia>0.35</soglia>
      </bndbox>
    </object>
  </boxes>
</annotation>