<?xml version="1.0" encoding="utf-8"?>
<annotation>
  <filename>1-salti-129.csv</filename>
  <size>
    <width>2500</width>
    <height>15</height>
    <depth>1</depth>
  </size>
  <boxes>
    <object>
      <name>noise</name>
      <bndbox>
        <xmin>0</xmin>
        <xmax>1068</xmax>
        <ymin>13</ymin>
        <ymax>14</ymax>
        <period>25715</period>
        <soglia>0.52</soglia>
      </bndbox>
    </object>
    <object>
      <name>noise</name>
      <bndbox>
        <xmin>1068</xmin>
        <xmax>2500</xmax>
        <ymin>1</ymin>
        <ymax>2</ymax>
        <period>6</period>
        <soglia>0.54</soglia>
      </bndbox>
    </object>
  </boxes>
</annotation>