<?xml version="1.0" encoding="utf-8"?>
<annotation>
  <filename>1-salti-104.csv</filename>
  <size>
    <width>2500</width>
    <height>15</height>
    <depth>1</depth>
  </size>
  <boxes>
    <object>
      <name>fragment</name>
      <bndbox>
        <xmin>0</xmin>
        <xmax>2073</xmax>
        <ymin>12</ymin>
        <ymax>14</ymax>
        <period>15240</period>
        <soglia>0.34</soglia>
      </bndbox>
    </object>
    <object>
      <name>fragment</name>
      <bndbox>
        <xmin>2073</xmin>
        <xmax>2500</xmax>
        <ymin>8</ymin>
        <ymax>10</ymax>
        <period>990</period>
        <soglia>0.17</soglia>
      </bndbox>
    </object>
  </boxes>
</annotation>