<?xml version="1.0" encoding="utf-8"?>
<annotation>
  <filename>1-salti-138.csv</filename>
  <size>
    <width>2500</width>
    <height>15</height>
    <depth>1</depth>
  </size>
  <boxes>
    <object>
      <name>noise</name>
      <bndbox>
        <xmin>0</xmin>
        <xmax>812</xmax>
        <ymin>13</ymin>
        <ymax>14</ymax>
        <period>16831</period>
        <soglia>0.75</soglia>
      </bndbox>
    </object>
    <object>
      <name>noise</name>
      <bndbox>
        <xmin>812</xmin>
        <xmax>2500</xmax>
        <ymin>11</ymin>
        <ymax>13</ymax>
        <period>7776</period>
        <soglia>0.62</soglia>
      </bndbox>
    </object>
  </boxes>
</annotation>