<?xml version="1.0" encoding="utf-8"?>
<annotation>
  <filename>1-salti-105.csv</filename>
  <size>
    <width>2500</width>
    <height>15</height>
    <depth>1</depth>
  </size>
  <boxes>
    <object>
      <name>fragment</name>
      <bndbox>
        <xmin>0</xmin>
        <xmax>2134</xmax>
        <ymin>9</ymin>
        <ymax>10</ymax>
        <period>1113</period>
        <soglia>0.37</soglia>
      </bndbox>
    </object>
    <object>
      <name>fragment</name>
      <bndbox>
        <xmin>2134</xmin>
        <xmax>2500</xmax>
        <ymin>8</ymin>
        <ymax>9</ymax>
        <period>675</period>
        <soglia>0.42</soglia>
      </bndbox>
    </object>
  </boxes>
</annotation>