<?xml version="1.0" encoding="utf-8"?>
<annotation>
  <filename>1-salti-139.csv</filename>
  <size>
    <width>2500</width>
    <height>15</height>
    <depth>1</depth>
  </size>
  <boxes>
    <object>
      <name>fragment</name>
      <bndbox>
        <xmin>0</xmin>
        <xmax>2084</xmax>
        <ymin>8</ymin>
        <ymax>9</ymax>
        <period>830</period>
        <soglia>0.38</soglia>
      </bndbox>
    </object>
    <object>
      <name>noise</name>
      <bndbox>
        <xmin>2084</xmin>
        <xmax>2500</xmax>
        <ymin>7</ymin>
        <ymax>8</ymax>
        <period>340</period>
        <soglia>0.57</soglia>
      </bndbox>
    </object>
  </boxes>
</annotation>