<?xml version="1.0" encoding="utf-8"?>
<annotation>
  <filename>1-salti-84.csv</filename>
  <size>
    <width>2500</width>
    <height>15</height>
    <depth>1</depth>
  </size>
  <boxes>
    <object>
      <name>noise</name>
      <bndbox>
        <xmin>0</xmin>
        <xmax>2129</xmax>
        <ymin>4</ymin>
        <ymax>5</ymax>
        <period>53</period>
        <soglia>0.84</soglia>
      </bndbox>
    </object>
    <object>
      <name>fragment</name>
      <bndbox>
        <xmin>2129</xmin>
        <xmax>2500</xmax>
        <ymin>10</ymin>
        <ymax>11</ymax>
        <period>3312</period>
        <soglia>0.3</soglia>
      </bndbox>
    </object>
  </boxes>
</annotation>