<?xml version="1.0" encoding="utf-8"?>
<annotation>
  <filename>2-salti-138.csv</filename>
  <size>
    <width>2500</width>
    <height>15</height>
    <depth>1</depth>
  </size>
  <boxes>
    <object>
      <name>noise</name>
      <bndbox>
        <xmin>0</xmin>
        <xmax>1277</xmax>
        <ymin>9</ymin>
        <ymax>10</ymax>
        <period>1327</period>
        <soglia>0.85</soglia>
      </bndbox>
    </object>
    <object>
      <name>fragment</name>
      <bndbox>
        <xmin>1277</xmin>
        <xmax>2170</xmax>
        <ymin>5</ymin>
        <ymax>7</ymax>
        <period>120</period>
        <soglia>0.43</soglia>
      </bndbox>
    </object>
    <object>
      <name>fragment</name>
      <bndbox>
        <xmin>2170</xmin>
        <xmax>2500</xmax>
        <ymin>1</ymin>
        <ymax>2</ymax>
        <period>5</period>
        <soglia>0.42</soglia>
      </bndbox>
    </object>
  </boxes>
</annotation>