<?xml version="1.0" encoding="utf-8"?>
<annotation>
  <filename>2-salti-1.csv</filename>
  <size>
    <width>2500</width>
    <height>15</height>
    <depth>1</depth>
  </size>
  <boxes>
    <object>
      <name>fragment</name>
      <bndbox>
        <xmin>0</xmin>
        <xmax>621</xmax>
        <ymin>10</ymin>
        <ymax>11</ymax>
        <period>3527</period>
        <soglia>0.34</soglia>
      </bndbox>
    </object>
    <object>
      <name>fragment</name>
      <bndbox>
        <xmin>621</xmin>
        <xmax>1245</xmax>
        <ymin>0</ymin>
        <ymax>1</ymax>
        <period>2</period>
        <soglia>0.33</soglia>
      </bndbox>
    </object>
    <object>
      <name>noise</name>
      <bndbox>
        <xmin>1245</xmin>
        <xmax>2500</xmax>
        <ymin>10</ymin>
        <ymax>11</ymax>
        <period>2205</period>
        <soglia>0.78</soglia>
      </bndbox>
    </object>
  </boxes>
</annotation>