<?xml version="1.0" encoding="utf-8"?>
<annotation>
  <filename>2-salti-106.csv</filename>
  <size>
    <width>2500</width>
    <height>15</height>
    <depth>1</depth>
  </size>
  <boxes>
    <object>
      <name>noise</name>
      <bndbox>
        <xmin>0</xmin>
        <xmax>923</xmax>
        <ymin>2</ymin>
        <ymax>3</ymax>
        <period>11</period>
        <soglia>0.74</soglia>
      </bndbox>
    </object>
    <object>
      <name>noise</name>
      <bndbox>
        <xmin>923</xmin>
        <xmax>2065</xmax>
        <ymin>12</ymin>
        <ymax>13</ymax>
        <period>12154</period>
        <soglia>0.71</soglia>
      </bndbox>
    </object>
    <object>
      <name>fragment</name>
      <bndbox>
        <xmin>2065</xmin>
        <xmax>2500</xmax>
        <ymin>11</ymin>
        <ymax>12</ymax>
        <period>6335</period>
        <soglia>0.23</soglia>
      </bndbox>
    </object>
  </boxes>
</annotation>