<?xml version="1.0" encoding="utf-8"?>
<annotation>
  <filename>2-salti-11.csv</filename>
  <size>
    <width>2500</width>
    <height>15</height>
    <depth>1</depth>
  </size>
  <boxes>
    <object>
      <name>fragment</name>
      <bndbox>
        <xmin>0</xmin>
        <xmax>617</xmax>
        <ymin>5</ymin>
        <ymax>6</ymax>
        <period>83</period>
        <soglia>0.21</soglia>
      </bndbox>
    </object>
    <object>
      <name>noise</name>
      <bndbox>
        <xmin>617</xmin>
        <xmax>1173</xmax>
        <ymin>5</ymin>
        <ymax>7</ymax>
        <period>125</period>
        <soglia>0.56</soglia>
      </bndbox>
    </object>
    <object>
      <name>fragment</name>
      <bndbox>
        <xmin>1173</xmin>
        <xmax>2500</xmax>
        <ymin>13</ymin>
        <ymax>14</ymax>
        <period>17054</period>
        <soglia>0.4</soglia>
      </bndbox>
    </object>
  </boxes>
</annotation>