<?xml version="1.0" encoding="utf-8"?>
<annotation>
  <filename>2-salti-117.csv</filename>
  <size>
    <width>2500</width>
    <height>15</height>
    <depth>1</depth>
  </size>
  <boxes>
    <object>
      <name>fragment</name>
      <bndbox>
        <xmin>0</xmin>
        <xmax>348</xmax>
        <ymin>10</ymin>
        <ymax>11</ymax>
        <period>2556</period>
        <soglia>0.43</soglia>
      </bndbox>
    </object>
    <object>
      <name>noise</name>
      <bndbox>
        <xmin>348</xmin>
        <xmax>1710</xmax>
        <ymin>12</ymin>
        <ymax>13</ymax>
        <period>12301</period>
        <soglia>0.59</soglia>
      </bndbox>
    </object>
    <object>
      <name>noise</name>
      <bndbox>
        <xmin>1710</xmin>
        <xmax>2500</xmax>
        <ymin>5</ymin>
        <ymax>6</ymax>
        <period>104</period>
        <soglia>0.52</soglia>
      </bndbox>
    </object>
  </boxes>
</annotation>