<?xml version="1.0" encoding="utf-8"?>
<annotation>
  <filename>2-salti-173.csv</filename>
  <size>
    <width>2500</width>
    <height>15</height>
    <depth>1</depth>
  </size>
  <boxes>
    <object>
      <name>noise</name>
      <bndbox>
        <xmin>0</xmin>
        <xmax>803</xmax>
        <ymin>9</ymin>
        <ymax>10</ymax>
        <period>1740</period>
        <soglia>0.83</soglia>
      </bndbox>
    </object>
    <object>
      <name>fragment</name>
      <bndbox>
        <xmin>803</xmin>
        <xmax>1897</xmax>
        <ymin>8</ymin>
        <ymax>9</ymax>
        <period>879</period>
        <soglia>0.39</soglia>
      </bndbox>
    </object>
    <object>
      <name>noise</name>
      <bndbox>
        <xmin>1897</xmin>
        <xmax>2500</xmax>
        <ymin>9</ymin>
        <ymax>11</ymax>
        <period>2006</period>
        <soglia>0.64</soglia>
      </bndbox>
    </object>
  </boxes>
</annotation>