<?xml version="1.0" encoding="utf-8"?>
<annotation>
  <filename>2-salti-159.csv</filename>
  <size>
    <width>2500</width>
    <height>15</height>
    <depth>1</depth>
  </size>
  <boxes>
    <object>
      <name>noise</name>
      <bndbox>
        <xmin>0</xmin>
        <xmax>1410</xmax>
        <ymin>3</ymin>
        <ymax>4</ymax>
        <period>18</period>
        <soglia>0.56</soglia>
      </bndbox>
    </object>
    <object>
      <name>noise</name>
      <bndbox>
        <xmin>1410</xmin>
        <xmax>1729</xmax>
        <ymin>10</ymin>
        <ymax>11</ymax>
        <period>3292</period>
        <soglia>0.76</soglia>
      </bndbox>
    </object>
    <object>
      <name>noise</name>
      <bndbox>
        <xmin>1729</xmin>
        <xmax>2500</xmax>
        <ymin>12</ymin>
        <ymax>13</ymax>
        <period>12609</period>
        <soglia>0.89</soglia>
      </bndbox>
    </object>
  </boxes>
</annotation>