<?xml version="1.0" encoding="utf-8"?>
<annotation>
  <filename>2-salti-100.csv</filename>
  <size>
    <width>2500</width>
    <height>15</height>
    <depth>1</depth>
  </size>
  <boxes>
    <object>
      <name>fragment</name>
      <bndbox>
        <xmin>0</xmin>
        <xmax>1714</xmax>
        <ymin>1</ymin>
        <ymax>2</ymax>
        <period>6</period>
        <soglia>0.34</soglia>
      </bndbox>
    </object>
    <object>
      <name>noise</name>
      <bndbox>
        <xmin>1714</xmin>
        <xmax>2036</xmax>
        <ymin>4</ymin>
        <ymax>5</ymax>
        <period>32</period>
        <soglia>0.73</soglia>
      </bndbox>
    </object>
    <object>
      <name>noise</name>
      <bndbox>
        <xmin>2036</xmin>
        <xmax>2500</xmax>
        <ymin>5</ymin>
        <ymax>6</ymax>
        <period>98</period>
        <soglia>0.79</soglia>
      </bndbox>
    </object>
  </boxes>
</annotation>