<?xml version="1.0" encoding="utf-8"?>
<annotation>
  <filename>2-salti-12.csv</filename>
  <size>
    <width>2500</width>
    <height>15</height>
    <depth>1</depth>
  </size>
  <boxes>
    <object>
      <name>fragment</name>
      <bndbox>
        <xmin>0</xmin>
        <xmax>1805</xmax>
        <ymin>9</ymin>
        <ymax>11</ymax>
        <period>1923</period>
        <soglia>0.4</soglia>
      </bndbox>
    </object>
    <object>
      <name>fragment</name>
      <bndbox>
        <xmin>1805</xmin>
        <xmax>2119</xmax>
        <ymin>4</ymin>
        <ymax>5</ymax>
        <period>49</period>
        <soglia>0.21</soglia>
      </bndbox>
    </object>
    <object>
      <name>fragment</name>
      <bndbox>
        <xmin>2119</xmin>
        <xmax>2500</xmax>
        <ymin>9</ymin>
        <ymax>10</ymax>
        <period>1194</period>
        <soglia>0.25</soglia>
      </bndbox>
    </object>
  </boxes>
</annotation>