<?xml version="1.0" encoding="utf-8"?>
<annotation>
  <filename>2-salti-105.csv</filename>
  <size>
    <width>2500</width>
    <height>15</height>
    <depth>1</depth>
  </size>
  <boxes>
    <object>
      <name>noise</name>
      <bndbox>
        <xmin>0</xmin>
        <xmax>765</xmax>
        <ymin>3</ymin>
        <ymax>4</ymax>
        <period>26</period>
        <soglia>0.73</soglia>
      </bndbox>
    </object>
    <object>
      <name>fragment</name>
      <bndbox>
        <xmin>765</xmin>
        <xmax>2027</xmax>
        <ymin>9</ymin>
        <ymax>11</ymax>
        <period>1824</period>
        <soglia>0.5</soglia>
      </bndbox>
    </object>
    <object>
      <name>fragment</name>
      <bndbox>
        <xmin>2027</xmin>
        <xmax>2500</xmax>
        <ymin>8</ymin>
        <ymax>9</ymax>
        <period>753</period>
        <soglia>0.14</soglia>
      </bndbox>
    </object>
  </boxes>
</annotation>