<?xml version="1.0" encoding="utf-8"?>
<annotation>
  <filename>2-salti-64.csv</filename>
  <size>
    <width>2500</width>
    <height>15</height>
    <depth>1</depth>
  </size>
  <boxes>
    <object>
      <name>fragment</name>
      <bndbox>
        <xmin>0</xmin>
        <xmax>1024</xmax>
        <ymin>4</ymin>
        <ymax>5</ymax>
        <period>38</period>
        <soglia>0.35</soglia>
      </bndbox>
    </object>
    <object>
      <name>noise</name>
      <bndbox>
        <xmin>1024</xmin>
        <xmax>1390</xmax>
        <ymin>11</ymin>
        <ymax>12</ymax>
        <period>4773</period>
        <soglia>0.59</soglia>
      </bndbox>
    </object>
    <object>
      <name>fragment</name>
      <bndbox>
        <xmin>1390</xmin>
        <xmax>2500</xmax>
        <ymin>8</ymin>
        <ymax>9</ymax>
        <period>756</period>
        <soglia>0.29</soglia>
      </bndbox>
    </object>
  </boxes>
</annotation>