<?xml version="1.0" encoding="utf-8"?>
<annotation>
  <filename>2-salti-30.csv</filename>
  <size>
    <width>2500</width>
    <height>15</height>
    <depth>1</depth>
  </size>
  <boxes>
    <object>
      <name>noise</name>
      <bndbox>
        <xmin>0</xmin>
        <xmax>1165</xmax>
        <ymin>2</ymin>
        <ymax>3</ymax>
        <period>10</period>
        <soglia>0.56</soglia>
      </bndbox>
    </object>
    <object>
      <name>noise</name>
      <bndbox>
        <xmin>1165</xmin>
        <xmax>2021</xmax>
        <ymin>3</ymin>
        <ymax>4</ymax>
        <period>24</period>
        <soglia>0.6</soglia>
      </bndbox>
    </object>
    <object>
      <name>fragment</name>
      <bndbox>
        <xmin>2021</xmin>
        <xmax>2500</xmax>
        <ymin>1</ymin>
        <ymax>3</ymax>
        <period>7</period>
        <soglia>0.12</soglia>
      </bndbox>
    </object>
  </boxes>
</annotation>