<?xml version="1.0" encoding="utf-8"?>
<annotation>
  <filename>2-salti-163.csv</filename>
  <size>
    <width>2500</width>
    <height>15</height>
    <depth>1</depth>
  </size>
  <boxes>
    <object>
      <name>fragment</name>
      <bndbox>
        <xmin>0</xmin>
        <xmax>1564</xmax>
        <ymin>8</ymin>
        <ymax>9</ymax>
        <period>688</period>
        <soglia>0.34</soglia>
      </bndbox>
    </object>
    <object>
      <name>noise</name>
      <bndbox>
        <xmin>1564</xmin>
        <xmax>2054</xmax>
        <ymin>13</ymin>
        <ymax>14</ymax>
        <period>19433</period>
        <soglia>0.78</soglia>
      </bndbox>
    </object>
    <object>
      <name>noise</name>
      <bndbox>
        <xmin>2054</xmin>
        <xmax>2500</xmax>
        <ymin>8</ymin>
        <ymax>9</ymax>
        <period>715</period>
        <soglia>0.66</soglia>
      </bndbox>
    </object>
  </boxes>
</annotation>