<?xml version="1.0" encoding="utf-8"?>
<annotation>
  <filename>2-salti-139.csv</filename>
  <size>
    <width>2500</width>
    <height>15</height>
    <depth>1</depth>
  </size>
  <boxes>
    <object>
      <name>noise</name>
      <bndbox>
        <xmin>0</xmin>
        <xmax>1803</xmax>
        <ymin>3</ymin>
        <ymax>5</ymax>
        <period>29</period>
        <soglia>0.88</soglia>
      </bndbox>
    </object>
    <object>
      <name>fragment</name>
      <bndbox>
        <xmin>1803</xmin>
        <xmax>2182</xmax>
        <ymin>10</ymin>
        <ymax>11</ymax>
        <period>2492</period>
        <soglia>0.24</soglia>
      </bndbox>
    </object>
    <object>
      <name>noise</name>
      <bndbox>
        <xmin>2182</xmin>
        <xmax>2500</xmax>
        <ymin>13</ymin>
        <ymax>14</ymax>
        <period>18418</period>
        <soglia>0.61</soglia>
      </bndbox>
    </object>
  </boxes>
</annotation>