<?xml version="1.0" encoding="utf-8"?>
<annotation>
  <filename>2-salti-113.csv</filename>
  <size>
    <width>2500</width>
    <height>15</height>
    <depth>1</depth>
  </size>
  <boxes>
    <object>
      <name>fragment</name>
      <bndbox>
        <xmin>0</xmin>
        <xmax>323</xmax>
        <ymin>6</ymin>
        <ymax>7</ymax>
        <period>187</period>
        <soglia>0.46</soglia>
      </bndbox>
    </object>
    <object>
      <name>fragment</name>
      <bndbox>
        <xmin>323</xmin>
        <xmax>1098</xmax>
        <ymin>9</ymin>
        <ymax>10</ymax>
        <period>1218</period>
        <soglia>0.44</soglia>
      </bndbox>
    </object>
    <object>
      <name>fragment</name>
      <bndbox>
        <xmin>1098</xmin>
        <xmax>2500</xmax>
        <ymin>3</ymin>
        <ymax>4</ymax>
        <period>21</period>
        <soglia>0.25</soglia>
      </bndbox>
    </object>
  </boxes>
</annotation>