<?xml version="1.0" encoding="utf-8"?>
<annotation>
  <filename>2-salti-29.csv</filename>
  <size>
    <width>2500</width>
    <height>15</height>
    <depth>1</depth>
  </size>
  <boxes>
    <object>
      <name>fragment</name>
      <bndbox>
        <xmin>0</xmin>
        <xmax>565</xmax>
        <ymin>13</ymin>
        <ymax>15</ymax>
        <period>32452</period>
        <soglia>0.32</soglia>
      </bndbox>
    </object>
    <object>
      <name>fragment</name>
      <bndbox>
        <xmin>565</xmin>
        <xmax>1748</xmax>
        <ymin>4</ymin>
        <ymax>5</ymax>
        <period>39</period>
        <soglia>0.27</soglia>
      </bndbox>
    </object>
    <object>
      <name>noise</name>
      <bndbox>
        <xmin>1748</xmin>
        <xmax>2500</xmax>
        <ymin>6</ymin>
        <ymax>7</ymax>
        <period>158</period>
        <soglia>0.55</soglia>
      </bndbox>
    </object>
  </boxes>
</annotation>