<?xml version="1.0" encoding="utf-8"?>
<annotation>
  <filename>2-salti-170.csv</filename>
  <size>
    <width>2500</width>
    <height>15</height>
    <depth>1</depth>
  </size>
  <boxes>
    <object>
      <name>fragment</name>
      <bndbox>
        <xmin>0</xmin>
        <xmax>1640</xmax>
        <ymin>4</ymin>
        <ymax>5</ymax>
        <period>51</period>
        <soglia>0.26</soglia>
      </bndbox>
    </object>
    <object>
      <name>fragment</name>
      <bndbox>
        <xmin>1640</xmin>
        <xmax>2002</xmax>
        <ymin>13</ymin>
        <ymax>15</ymax>
        <period>30618</period>
        <soglia>0.34</soglia>
      </bndbox>
    </object>
    <object>
      <name>noise</name>
      <bndbox>
        <xmin>2002</xmin>
        <xmax>2500</xmax>
        <ymin>9</ymin>
        <ymax>10</ymax>
        <period>1390</period>
        <soglia>0.55</soglia>
      </bndbox>
    </object>
  </boxes>
</annotation>