<?xml version="1.0" encoding="utf-8"?>
<annotation>
  <filename>2-salti-25.csv</filename>
  <size>
    <width>2500</width>
    <height>15</height>
    <depth>1</depth>
  </size>
  <boxes>
    <object>
      <name>noise</name>
      <bndbox>
        <xmin>0</xmin>
        <xmax>1137</xmax>
        <ymin>10</ymin>
        <ymax>11</ymax>
        <period>3171</period>
        <soglia>0.75</soglia>
      </bndbox>
    </object>
    <object>
      <name>noise</name>
      <bndbox>
        <xmin>1137</xmin>
        <xmax>2176</xmax>
        <ymin>9</ymin>
        <ymax>11</ymax>
        <period>1935</period>
        <soglia>0.56</soglia>
      </bndbox>
    </object>
    <object>
      <name>noise</name>
      <bndbox>
        <xmin>2176</xmin>
        <xmax>2500</xmax>
        <ymin>0</ymin>
        <ymax>1</ymax>
        <period>2</period>
        <soglia>0.64</soglia>
      </bndbox>
    </object>
  </boxes>
</annotation>