<?xml version="1.0" encoding="utf-8"?>
<annotation>
  <filename>2-salti-110.csv</filename>
  <size>
    <width>2500</width>
    <height>15</height>
    <depth>1</depth>
  </size>
  <boxes>
    <object>
      <name>noise</name>
      <bndbox>
        <xmin>0</xmin>
        <xmax>1067</xmax>
        <ymin>10</ymin>
        <ymax>12</ymax>
        <period>3938</period>
        <soglia>0.79</soglia>
      </bndbox>
    </object>
    <object>
      <name>noise</name>
      <bndbox>
        <xmin>1067</xmin>
        <xmax>1827</xmax>
        <ymin>10</ymin>
        <ymax>11</ymax>
        <period>2376</period>
        <soglia>0.87</soglia>
      </bndbox>
    </object>
    <object>
      <name>fragment</name>
      <bndbox>
        <xmin>1827</xmin>
        <xmax>2500</xmax>
        <ymin>6</ymin>
        <ymax>7</ymax>
        <period>158</period>
        <soglia>0.1</soglia>
      </bndbox>
    </object>
  </boxes>
</annotation>