<?xml version="1.0" encoding="utf-8"?>
<annotation>
  <filename>2-salti-65.csv</filename>
  <size>
    <width>2500</width>
    <height>15</height>
    <depth>1</depth>
  </size>
  <boxes>
    <object>
      <name>noise</name>
      <bndbox>
        <xmin>0</xmin>
        <xmax>872</xmax>
        <ymin>5</ymin>
        <ymax>6</ymax>
        <period>85</period>
        <soglia>0.58</soglia>
      </bndbox>
    </object>
    <object>
      <name>fragment</name>
      <bndbox>
        <xmin>872</xmin>
        <xmax>1852</xmax>
        <ymin>1</ymin>
        <ymax>2</ymax>
        <period>4</period>
        <soglia>0.16</soglia>
      </bndbox>
    </object>
    <object>
      <name>fragment</name>
      <bndbox>
        <xmin>1852</xmin>
        <xmax>2500</xmax>
        <ymin>9</ymin>
        <ymax>11</ymax>
        <period>2041</period>
        <soglia>0.18</soglia>
      </bndbox>
    </object>
  </boxes>
</annotation>