<?xml version="1.0" encoding="utf-8"?>
<annotation>
  <filename>2-salti-28.csv</filename>
  <size>
    <width>2500</width>
    <height>15</height>
    <depth>1</depth>
  </size>
  <boxes>
    <object>
      <name>fragment</name>
      <bndbox>
        <xmin>0</xmin>
        <xmax>1340</xmax>
        <ymin>7</ymin>
        <ymax>8</ymax>
        <period>317</period>
        <soglia>0.37</soglia>
      </bndbox>
    </object>
    <object>
      <name>noise</name>
      <bndbox>
        <xmin>1340</xmin>
        <xmax>2102</xmax>
        <ymin>5</ymin>
        <ymax>6</ymax>
        <period>80</period>
        <soglia>0.71</soglia>
      </bndbox>
    </object>
    <object>
      <name>noise</name>
      <bndbox>
        <xmin>2102</xmin>
        <xmax>2500</xmax>
        <ymin>8</ymin>
        <ymax>9</ymax>
        <period>710</period>
        <soglia>0.89</soglia>
      </bndbox>
    </object>
  </boxes>
</annotation>