<?xml version="1.0" encoding="utf-8"?>
<annotation>
  <filename>2-salti-75.csv</filename>
  <size>
    <width>2500</width>
    <height>15</height>
    <depth>1</depth>
  </size>
  <boxes>
    <object>
      <name>fragment</name>
      <bndbox>
        <xmin>0</xmin>
        <xmax>1862</xmax>
        <ymin>3</ymin>
        <ymax>4</ymax>
        <period>23</period>
        <soglia>0.19</soglia>
      </bndbox>
    </object>
    <object>
      <name>noise</name>
      <bndbox>
        <xmin>1862</xmin>
        <xmax>2191</xmax>
        <ymin>10</ymin>
        <ymax>11</ymax>
        <period>3183</period>
        <soglia>0.61</soglia>
      </bndbox>
    </object>
    <object>
      <name>fragment</name>
      <bndbox>
        <xmin>2191</xmin>
        <xmax>2500</xmax>
        <ymin>2</ymin>
        <ymax>3</ymax>
        <period>8</period>
        <soglia>0.37</soglia>
      </bndbox>
    </object>
  </boxes>
</annotation>