<?xml version="1.0" encoding="utf-8"?>
<annotation>
  <filename>2-salti-148.csv</filename>
  <size>
    <width>2500</width>
    <height>15</height>
    <depth>1</depth>
  </size>
  <boxes>
    <object>
      <name>noise</name>
      <bndbox>
        <xmin>0</xmin>
        <xmax>1810</xmax>
        <ymin>11</ymin>
        <ymax>12</ymax>
        <period>5655</period>
        <soglia>0.55</soglia>
      </bndbox>
    </object>
    <object>
      <name>fragment</name>
      <bndbox>
        <xmin>1810</xmin>
        <xmax>2126</xmax>
        <ymin>1</ymin>
        <ymax>2</ymax>
        <period>5</period>
        <soglia>0.44</soglia>
      </bndbox>
    </object>
    <object>
      <name>noise</name>
      <bndbox>
        <xmin>2126</xmin>
        <xmax>2500</xmax>
        <ymin>2</ymin>
        <ymax>3</ymax>
        <period>13</period>
        <soglia>0.68</soglia>
      </bndbox>
    </object>
  </boxes>
</annotation>