<?xml version="1.0" encoding="utf-8"?>
<annotation>
  <filename>2-salti-199.csv</filename>
  <size>
    <width>2500</width>
    <height>15</height>
    <depth>1</depth>
  </size>
  <boxes>
    <object>
      <name>noise</name>
      <bndbox>
        <xmin>0</xmin>
        <xmax>548</xmax>
        <ymin>7</ymin>
        <ymax>8</ymax>
        <period>440</period>
        <soglia>0.76</soglia>
      </bndbox>
    </object>
    <object>
      <name>noise</name>
      <bndbox>
        <xmin>548</xmin>
        <xmax>1040</xmax>
        <ymin>8</ymin>
        <ymax>9</ymax>
        <period>592</period>
        <soglia>0.67</soglia>
      </bndbox>
    </object>
    <object>
      <name>noise</name>
      <bndbox>
        <xmin>1040</xmin>
        <xmax>2500</xmax>
        <ymin>13</ymin>
        <ymax>14</ymax>
        <period>25870</period>
        <soglia>0.67</soglia>
      </bndbox>
    </object>
  </boxes>
</annotation>