<?xml version="1.0" encoding="utf-8"?>
<annotation>
  <filename>2-salti-14.csv</filename>
  <size>
    <width>2500</width>
    <height>15</height>
    <depth>1</depth>
  </size>
  <boxes>
    <object>
      <name>fragment</name>
      <bndbox>
        <xmin>0</xmin>
        <xmax>775</xmax>
        <ymin>8</ymin>
        <ymax>9</ymax>
        <period>515</period>
        <soglia>0.11</soglia>
      </bndbox>
    </object>
    <object>
      <name>noise</name>
      <bndbox>
        <xmin>775</xmin>
        <xmax>1245</xmax>
        <ymin>2</ymin>
        <ymax>3</ymax>
        <period>10</period>
        <soglia>0.75</soglia>
      </bndbox>
    </object>
    <object>
      <name>fragment</name>
      <bndbox>
        <xmin>1245</xmin>
        <xmax>2500</xmax>
        <ymin>9</ymin>
        <ymax>10</ymax>
        <period>1338</period>
        <soglia>0.43</soglia>
      </bndbox>
    </object>
  </boxes>
</annotation>