<?xml version="1.0" encoding="utf-8"?>
<annotation>
  <filename>2-salti-0.csv</filename>
  <size>
    <width>2500</width>
    <height>15</height>
    <depth>1</depth>
  </size>
  <boxes>
    <object>
      <name>noise</name>
      <bndbox>
        <xmin>0</xmin>
        <xmax>682</xmax>
        <ymin>2</ymin>
        <ymax>3</ymax>
        <period>9</period>
        <soglia>0.63</soglia>
      </bndbox>
    </object>
    <object>
      <name>fragment</name>
      <bndbox>
        <xmin>682</xmin>
        <xmax>1291</xmax>
        <ymin>5</ymin>
        <ymax>7</ymax>
        <period>119</period>
        <soglia>0.3</soglia>
      </bndbox>
    </object>
    <object>
      <name>noise</name>
      <bndbox>
        <xmin>1291</xmin>
        <xmax>2500</xmax>
        <ymin>10</ymin>
        <ymax>11</ymax>
        <period>3416</period>
        <soglia>0.8</soglia>
      </bndbox>
    </object>
  </boxes>
</annotation>