<?xml version="1.0" encoding="utf-8"?>
<annotation>
  <filename>2-salti-71.csv</filename>
  <size>
    <width>2500</width>
    <height>15</height>
    <depth>1</depth>
  </size>
  <boxes>
    <object>
      <name>fragment</name>
      <bndbox>
        <xmin>0</xmin>
        <xmax>439</xmax>
        <ymin>7</ymin>
        <ymax>8</ymax>
        <period>266</period>
        <soglia>0.24</soglia>
      </bndbox>
    </object>
    <object>
      <name>noise</name>
      <bndbox>
        <xmin>439</xmin>
        <xmax>2050</xmax>
        <ymin>12</ymin>
        <ymax>14</ymax>
        <period>14534</period>
        <soglia>0.64</soglia>
      </bndbox>
    </object>
    <object>
      <name>noise</name>
      <bndbox>
        <xmin>2050</xmin>
        <xmax>2500</xmax>
        <ymin>4</ymin>
        <ymax>5</ymax>
        <period>46</period>
        <soglia>0.72</soglia>
      </bndbox>
    </object>
  </boxes>
</annotation>