<?xml version="1.0" encoding="utf-8"?>
<annotation>
  <filename>2-salti-15.csv</filename>
  <size>
    <width>2500</width>
    <height>15</height>
    <depth>1</depth>
  </size>
  <boxes>
    <object>
      <name>fragment</name>
      <bndbox>
        <xmin>0</xmin>
        <xmax>532</xmax>
        <ymin>7</ymin>
        <ymax>8</ymax>
        <period>264</period>
        <soglia>0.13</soglia>
      </bndbox>
    </object>
    <object>
      <name>noise</name>
      <bndbox>
        <xmin>532</xmin>
        <xmax>1596</xmax>
        <ymin>1</ymin>
        <ymax>2</ymax>
        <period>4</period>
        <soglia>0.55</soglia>
      </bndbox>
    </object>
    <object>
      <name>fragment</name>
      <bndbox>
        <xmin>1596</xmin>
        <xmax>2500</xmax>
        <ymin>3</ymin>
        <ymax>4</ymax>
        <period>26</period>
        <soglia>0.45</soglia>
      </bndbox>
    </object>
  </boxes>
</annotation>