<?xml version="1.0" encoding="utf-8"?>
<annotation>
  <filename>2-salti-10.csv</filename>
  <size>
    <width>2500</width>
    <height>15</height>
    <depth>1</depth>
  </size>
  <boxes>
    <object>
      <name>fragment</name>
      <bndbox>
        <xmin>0</xmin>
        <xmax>1476</xmax>
        <ymin>8</ymin>
        <ymax>10</ymax>
        <period>977</period>
        <soglia>0.5</soglia>
      </bndbox>
    </object>
    <object>
      <name>fragment</name>
      <bndbox>
        <xmin>1476</xmin>
        <xmax>1792</xmax>
        <ymin>7</ymin>
        <ymax>9</ymax>
        <period>459</period>
        <soglia>0.36</soglia>
      </bndbox>
    </object>
    <object>
      <name>noise</name>
      <bndbox>
        <xmin>1792</xmin>
        <xmax>2500</xmax>
        <ymin>5</ymin>
        <ymax>6</ymax>
        <period>97</period>
        <soglia>0.67</soglia>
      </bndbox>
    </object>
  </boxes>
</annotation>