<?xml version="1.0" encoding="utf-8"?>
<annotation>
  <filename>2-salti-3.csv</filename>
  <size>
    <width>2500</width>
    <height>15</height>
    <depth>1</depth>
  </size>
  <boxes>
    <object>
      <name>fragment</name>
      <bndbox>
        <xmin>0</xmin>
        <xmax>401</xmax>
        <ymin>10</ymin>
        <ymax>12</ymax>
        <period>3771</period>
        <soglia>0.12</soglia>
      </bndbox>
    </object>
    <object>
      <name>noise</name>
      <bndbox>
        <xmin>401</xmin>
        <xmax>1572</xmax>
        <ymin>1</ymin>
        <ymax>2</ymax>
        <period>4</period>
        <soglia>0.88</soglia>
      </bndbox>
    </object>
    <object>
      <name>noise</name>
      <bndbox>
        <xmin>1572</xmin>
        <xmax>2500</xmax>
        <ymin>10</ymin>
        <ymax>12</ymax>
        <period>4013</period>
        <soglia>0.7</soglia>
      </bndbox>
    </object>
  </boxes>
</annotation>