<?xml version="1.0" encoding="utf-8"?>
<annotation>
  <filename>2-salti-160.csv</filename>
  <size>
    <width>2500</width>
    <height>15</height>
    <depth>1</depth>
  </size>
  <boxes>
    <object>
      <name>fragment</name>
      <bndbox>
        <xmin>0</xmin>
        <xmax>737</xmax>
        <ymin>4</ymin>
        <ymax>6</ymax>
        <period>56</period>
        <soglia>0.19</soglia>
      </bndbox>
    </object>
    <object>
      <name>fragment</name>
      <bndbox>
        <xmin>737</xmin>
        <xmax>2196</xmax>
        <ymin>10</ymin>
        <ymax>11</ymax>
        <period>3534</period>
        <soglia>0.5</soglia>
      </bndbox>
    </object>
    <object>
      <name>fragment</name>
      <bndbox>
        <xmin>2196</xmin>
        <xmax>2500</xmax>
        <ymin>9</ymin>
        <ymax>10</ymax>
        <period>1734</period>
        <soglia>0.38</soglia>
      </bndbox>
    </object>
  </boxes>
</annotation>