<?xml version="1.0" encoding="utf-8"?>
<annotation>
  <filename>2-salti-101.csv</filename>
  <size>
    <width>2500</width>
    <height>15</height>
    <depth>1</depth>
  </size>
  <boxes>
    <object>
      <name>noise</name>
      <bndbox>
        <xmin>0</xmin>
        <xmax>609</xmax>
        <ymin>10</ymin>
        <ymax>11</ymax>
        <period>2979</period>
        <soglia>0.78</soglia>
      </bndbox>
    </object>
    <object>
      <name>fragment</name>
      <bndbox>
        <xmin>609</xmin>
        <xmax>1410</xmax>
        <ymin>11</ymin>
        <ymax>13</ymax>
        <period>7968</period>
        <soglia>0.49</soglia>
      </bndbox>
    </object>
    <object>
      <name>noise</name>
      <bndbox>
        <xmin>1410</xmin>
        <xmax>2500</xmax>
        <ymin>9</ymin>
        <ymax>10</ymax>
        <period>1436</period>
        <soglia>0.67</soglia>
      </bndbox>
    </object>
  </boxes>
</annotation>