<?xml version="1.0" encoding="utf-8"?>
<annotation>
  <filename>2-salti-61.csv</filename>
  <size>
    <width>2500</width>
    <height>15</height>
    <depth>1</depth>
  </size>
  <boxes>
    <object>
      <name>noise</name>
      <bndbox>
        <xmin>0</xmin>
        <xmax>1478</xmax>
        <ymin>6</ymin>
        <ymax>7</ymax>
        <period>222</period>
        <soglia>0.81</soglia>
      </bndbox>
    </object>
    <object>
      <name>fragment</name>
      <bndbox>
        <xmin>1478</xmin>
        <xmax>1840</xmax>
        <ymin>4</ymin>
        <ymax>6</ymax>
        <period>60</period>
        <soglia>0.29</soglia>
      </bndbox>
    </object>
    <object>
      <name>fragment</name>
      <bndbox>
        <xmin>1840</xmin>
        <xmax>2500</xmax>
        <ymin>10</ymin>
        <ymax>11</ymax>
        <period>3062</period>
        <soglia>0.17</soglia>
      </bndbox>
    </object>
  </boxes>
</annotation>