<?xml version="1.0" encoding="utf-8"?>
<annotation>
  <filename>2-salti-67.csv</filename>
  <size>
    <width>2500</width>
    <height>15</height>
    <depth>1</depth>
  </size>
  <boxes>
    <object>
      <name>fragment</name>
      <bndbox>
        <xmin>0</xmin>
        <xmax>1653</xmax>
        <ymin>3</ymin>
        <ymax>4</ymax>
        <period>24</period>
        <soglia>0.14</soglia>
      </bndbox>
    </object>
    <object>
      <name>fragment</name>
      <bndbox>
        <xmin>1653</xmin>
        <xmax>2069</xmax>
        <ymin>11</ymin>
        <ymax>12</ymax>
        <period>5595</period>
        <soglia>0.33</soglia>
      </bndbox>
    </object>
    <object>
      <name>fragment</name>
      <bndbox>
        <xmin>2069</xmin>
        <xmax>2500</xmax>
        <ymin>1</ymin>
        <ymax>2</ymax>
        <period>5</period>
        <soglia>0.48</soglia>
      </bndbox>
    </object>
  </boxes>
</annotation>