<?xml version="1.0" encoding="utf-8"?>
<annotation>
  <filename>2-salti-33.csv</filename>
  <size>
    <width>2500</width>
    <height>15</height>
    <depth>1</depth>
  </size>
  <boxes>
    <object>
      <name>noise</name>
      <bndbox>
        <xmin>0</xmin>
        <xmax>1348</xmax>
        <ymin>2</ymin>
        <ymax>3</ymax>
        <period>9</period>
        <soglia>0.85</soglia>
      </bndbox>
    </object>
    <object>
      <name>noise</name>
      <bndbox>
        <xmin>1348</xmin>
        <xmax>2185</xmax>
        <ymin>7</ymin>
        <ymax>8</ymax>
        <period>269</period>
        <soglia>0.74</soglia>
      </bndbox>
    </object>
    <object>
      <name>fragment</name>
      <bndbox>
        <xmin>2185</xmin>
        <xmax>2500</xmax>
        <ymin>11</ymin>
        <ymax>12</ymax>
        <period>5018</period>
        <soglia>0.38</soglia>
      </bndbox>
    </object>
  </boxes>
</annotation>