<?xml version="1.0" encoding="utf-8"?>
<annotation>
  <filename>2-salti-17.csv</filename>
  <size>
    <width>2500</width>
    <height>15</height>
    <depth>1</depth>
  </size>
  <boxes>
    <object>
      <name>noise</name>
      <bndbox>
        <xmin>0</xmin>
        <xmax>1458</xmax>
        <ymin>12</ymin>
        <ymax>13</ymax>
        <period>12274</period>
        <soglia>0.56</soglia>
      </bndbox>
    </object>
    <object>
      <name>fragment</name>
      <bndbox>
        <xmin>1458</xmin>
        <xmax>1975</xmax>
        <ymin>8</ymin>
        <ymax>9</ymax>
        <period>765</period>
        <soglia>0.14</soglia>
      </bndbox>
    </object>
    <object>
      <name>fragment</name>
      <bndbox>
        <xmin>1975</xmin>
        <xmax>2500</xmax>
        <ymin>4</ymin>
        <ymax>5</ymax>
        <period>35</period>
        <soglia>0.41</soglia>
      </bndbox>
    </object>
  </boxes>
</annotation>