<?xml version="1.0" encoding="utf-8"?>
<annotation>
  <filename>2-salti-116.csv</filename>
  <size>
    <width>2500</width>
    <height>15</height>
    <depth>1</depth>
  </size>
  <boxes>
    <object>
      <name>fragment</name>
      <bndbox>
        <xmin>0</xmin>
        <xmax>1725</xmax>
        <ymin>9</ymin>
        <ymax>10</ymax>
        <period>1578</period>
        <soglia>0.16</soglia>
      </bndbox>
    </object>
    <object>
      <name>fragment</name>
      <bndbox>
        <xmin>1725</xmin>
        <xmax>2060</xmax>
        <ymin>0</ymin>
        <ymax>1</ymax>
        <period>2</period>
        <soglia>0.3</soglia>
      </bndbox>
    </object>
    <object>
      <name>fragment</name>
      <bndbox>
        <xmin>2060</xmin>
        <xmax>2500</xmax>
        <ymin>11</ymin>
        <ymax>12</ymax>
        <period>5914</period>
        <soglia>0.49</soglia>
      </bndbox>
    </object>
  </boxes>
</annotation>