<?xml version="1.0" encoding="utf-8"?>
<annotation>
  <filename>2-salti-172.csv</filename>
  <size>
    <width>2500</width>
    <height>15</height>
    <depth>1</depth>
  </size>
  <boxes>
    <object>
      <name>fragment</name>
      <bndbox>
        <xmin>0</xmin>
        <xmax>1788</xmax>
        <ymin>7</ymin>
        <ymax>8</ymax>
        <period>280</period>
        <soglia>0.35</soglia>
      </bndbox>
    </object>
    <object>
      <name>fragment</name>
      <bndbox>
        <xmin>1788</xmin>
        <xmax>2128</xmax>
        <ymin>4</ymin>
        <ymax>5</ymax>
        <period>38</period>
        <soglia>0.24</soglia>
      </bndbox>
    </object>
    <object>
      <name>fragment</name>
      <bndbox>
        <xmin>2128</xmin>
        <xmax>2500</xmax>
        <ymin>11</ymin>
        <ymax>13</ymax>
        <period>7258</period>
        <soglia>0.47</soglia>
      </bndbox>
    </object>
  </boxes>
</annotation>