<?xml version="1.0" encoding="utf-8"?>
<annotation>
  <filename>2-salti-39.csv</filename>
  <size>
    <width>2500</width>
    <height>15</height>
    <depth>1</depth>
  </size>
  <boxes>
    <object>
      <name>noise</name>
      <bndbox>
        <xmin>0</xmin>
        <xmax>898</xmax>
        <ymin>2</ymin>
        <ymax>3</ymax>
        <period>13</period>
        <soglia>0.72</soglia>
      </bndbox>
    </object>
    <object>
      <name>fragment</name>
      <bndbox>
        <xmin>898</xmin>
        <xmax>1403</xmax>
        <ymin>10</ymin>
        <ymax>11</ymax>
        <period>3537</period>
        <soglia>0.44</soglia>
      </bndbox>
    </object>
    <object>
      <name>noise</name>
      <bndbox>
        <xmin>1403</xmin>
        <xmax>2500</xmax>
        <ymin>7</ymin>
        <ymax>8</ymax>
        <period>394</period>
        <soglia>0.8</soglia>
      </bndbox>
    </object>
  </boxes>
</annotation>