<?xml version="1.0" encoding="utf-8"?>
<annotation>
  <filename>2-salti-9.csv</filename>
  <size>
    <width>2500</width>
    <height>15</height>
    <depth>1</depth>
  </size>
  <boxes>
    <object>
      <name>noise</name>
      <bndbox>
        <xmin>0</xmin>
        <xmax>507</xmax>
        <ymin>10</ymin>
        <ymax>12</ymax>
        <period>3631</period>
        <soglia>0.88</soglia>
      </bndbox>
    </object>
    <object>
      <name>fragment</name>
      <bndbox>
        <xmin>507</xmin>
        <xmax>1085</xmax>
        <ymin>5</ymin>
        <ymax>6</ymax>
        <period>104</period>
        <soglia>0.37</soglia>
      </bndbox>
    </object>
    <object>
      <name>noise</name>
      <bndbox>
        <xmin>1085</xmin>
        <xmax>2500</xmax>
        <ymin>8</ymin>
        <ymax>9</ymax>
        <period>632</period>
        <soglia>0.74</soglia>
      </bndbox>
    </object>
  </boxes>
</annotation>