<?xml version="1.0" encoding="utf-8"?>
<annotation>
  <filename>2-salti-98.csv</filename>
  <size>
    <width>2500</width>
    <height>15</height>
    <depth>1</depth>
  </size>
  <boxes>
    <object>
      <name>noise</name>
      <bndbox>
        <xmin>0</xmin>
        <xmax>1897</xmax>
        <ymin>5</ymin>
        <ymax>6</ymax>
        <period>85</period>
        <soglia>0.63</soglia>
      </bndbox>
    </object>
    <object>
      <name>noise</name>
      <bndbox>
        <xmin>1897</xmin>
        <xmax>2197</xmax>
        <ymin>12</ymin>
        <ymax>13</ymax>
        <period>13119</period>
        <soglia>0.72</soglia>
      </bndbox>
    </object>
    <object>
      <name>fragment</name>
      <bndbox>
        <xmin>2197</xmin>
        <xmax>2500</xmax>
        <ymin>13</ymin>
        <ymax>14</ymax>
        <period>25411</period>
        <soglia>0.35</soglia>
      </bndbox>
    </object>
  </boxes>
</annotation>