<?xml version="1.0" encoding="utf-8"?>
<annotation>
  <filename>2-salti-13.csv</filename>
  <size>
    <width>2500</width>
    <height>15</height>
    <depth>1</depth>
  </size>
  <boxes>
    <object>
      <name>noise</name>
      <bndbox>
        <xmin>0</xmin>
        <xmax>1021</xmax>
        <ymin>11</ymin>
        <ymax>12</ymax>
        <period>6731</period>
        <soglia>0.55</soglia>
      </bndbox>
    </object>
    <object>
      <name>fragment</name>
      <bndbox>
        <xmin>1021</xmin>
        <xmax>2038</xmax>
        <ymin>0</ymin>
        <ymax>2</ymax>
        <period>3</period>
        <soglia>0.33</soglia>
      </bndbox>
    </object>
    <object>
      <name>noise</name>
      <bndbox>
        <xmin>2038</xmin>
        <xmax>2500</xmax>
        <ymin>6</ymin>
        <ymax>7</ymax>
        <period>152</period>
        <soglia>0.89</soglia>
      </bndbox>
    </object>
  </boxes>
</annotation>