<?xml version="1.0" encoding="utf-8"?>
<annotation>
  <filename>2-salti-176.csv</filename>
  <size>
    <width>2500</width>
    <height>15</height>
    <depth>1</depth>
  </size>
  <boxes>
    <object>
      <name>noise</name>
      <bndbox>
        <xmin>0</xmin>
        <xmax>1562</xmax>
        <ymin>5</ymin>
        <ymax>6</ymax>
        <period>91</period>
        <soglia>0.74</soglia>
      </bndbox>
    </object>
    <object>
      <name>noise</name>
      <bndbox>
        <xmin>1562</xmin>
        <xmax>2197</xmax>
        <ymin>4</ymin>
        <ymax>6</ymax>
        <period>58</period>
        <soglia>0.74</soglia>
      </bndbox>
    </object>
    <object>
      <name>fragment</name>
      <bndbox>
        <xmin>2197</xmin>
        <xmax>2500</xmax>
        <ymin>6</ymin>
        <ymax>8</ymax>
        <period>230</period>
        <soglia>0.38</soglia>
      </bndbox>
    </object>
  </boxes>
</annotation>