<?xml version="1.0" encoding="utf-8"?>
<annotation>
  <filename>2-salti-89.csv</filename>
  <size>
    <width>2500</width>
    <height>15</height>
    <depth>1</depth>
  </size>
  <boxes>
    <object>
      <name>fragment</name>
      <bndbox>
        <xmin>0</xmin>
        <xmax>1687</xmax>
        <ymin>9</ymin>
        <ymax>10</ymax>
        <period>1331</period>
        <soglia>0.2</soglia>
      </bndbox>
    </object>
    <object>
      <name>noise</name>
      <bndbox>
        <xmin>1687</xmin>
        <xmax>2055</xmax>
        <ymin>3</ymin>
        <ymax>4</ymax>
        <period>21</period>
        <soglia>0.8</soglia>
      </bndbox>
    </object>
    <object>
      <name>noise</name>
      <bndbox>
        <xmin>2055</xmin>
        <xmax>2500</xmax>
        <ymin>13</ymin>
        <ymax>15</ymax>
        <period>29556</period>
        <soglia>0.84</soglia>
      </bndbox>
    </object>
  </boxes>
</annotation>