<?xml version="1.0" encoding="utf-8"?>
<annotation>
  <filename>2-salti-31.csv</filename>
  <size>
    <width>2500</width>
    <height>15</height>
    <depth>1</depth>
  </size>
  <boxes>
    <object>
      <name>fragment</name>
      <bndbox>
        <xmin>0</xmin>
        <xmax>1128</xmax>
        <ymin>0</ymin>
        <ymax>2</ymax>
        <period>3</period>
        <soglia>0.35</soglia>
      </bndbox>
    </object>
    <object>
      <name>noise</name>
      <bndbox>
        <xmin>1128</xmin>
        <xmax>1729</xmax>
        <ymin>6</ymin>
        <ymax>7</ymax>
        <period>196</period>
        <soglia>0.57</soglia>
      </bndbox>
    </object>
    <object>
      <name>noise</name>
      <bndbox>
        <xmin>1729</xmin>
        <xmax>2500</xmax>
        <ymin>1</ymin>
        <ymax>2</ymax>
        <period>4</period>
        <soglia>0.7</soglia>
      </bndbox>
    </object>
  </boxes>
</annotation>