<?xml version="1.0" encoding="utf-8"?>
<annotation>
  <filename>2-salti-112.csv</filename>
  <size>
    <width>2500</width>
    <height>15</height>
    <depth>1</depth>
  </size>
  <boxes>
    <object>
      <name>noise</name>
      <bndbox>
        <xmin>0</xmin>
        <xmax>301</xmax>
        <ymin>0</ymin>
        <ymax>2</ymax>
        <period>3</period>
        <soglia>0.6</soglia>
      </bndbox>
    </object>
    <object>
      <name>noise</name>
      <bndbox>
        <xmin>301</xmin>
        <xmax>1461</xmax>
        <ymin>9</ymin>
        <ymax>10</ymax>
        <period>1038</period>
        <soglia>0.52</soglia>
      </bndbox>
    </object>
    <object>
      <name>fragment</name>
      <bndbox>
        <xmin>1461</xmin>
        <xmax>2500</xmax>
        <ymin>8</ymin>
        <ymax>10</ymax>
        <period>900</period>
        <soglia>0.31</soglia>
      </bndbox>
    </object>
  </boxes>
</annotation>