<?xml version="1.0" encoding="utf-8"?>
<annotation>
  <filename>2-salti-62.csv</filename>
  <size>
    <width>2500</width>
    <height>15</height>
    <depth>1</depth>
  </size>
  <boxes>
    <object>
      <name>fragment</name>
      <bndbox>
        <xmin>0</xmin>
        <xmax>1294</xmax>
        <ymin>8</ymin>
        <ymax>9</ymax>
        <period>519</period>
        <soglia>0.44</soglia>
      </bndbox>
    </object>
    <object>
      <name>noise</name>
      <bndbox>
        <xmin>1294</xmin>
        <xmax>1904</xmax>
        <ymin>11</ymin>
        <ymax>12</ymax>
        <period>6471</period>
        <soglia>0.78</soglia>
      </bndbox>
    </object>
    <object>
      <name>noise</name>
      <bndbox>
        <xmin>1904</xmin>
        <xmax>2500</xmax>
        <ymin>1</ymin>
        <ymax>2</ymax>
        <period>5</period>
        <soglia>0.59</soglia>
      </bndbox>
    </object>
  </boxes>
</annotation>