<?xml version="1.0" encoding="utf-8"?>
<annotation>
  <filename>2-salti-189.csv</filename>
  <size>
    <width>2500</width>
    <height>15</height>
    <depth>1</depth>
  </size>
  <boxes>
    <object>
      <name>noise</name>
      <bndbox>
        <xmin>0</xmin>
        <xmax>728</xmax>
        <ymin>2</ymin>
        <ymax>3</ymax>
        <period>9</period>
        <soglia>0.86</soglia>
      </bndbox>
    </object>
    <object>
      <name>fragment</name>
      <bndbox>
        <xmin>728</xmin>
        <xmax>1535</xmax>
        <ymin>4</ymin>
        <ymax>5</ymax>
        <period>54</period>
        <soglia>0.5</soglia>
      </bndbox>
    </object>
    <object>
      <name>noise</name>
      <bndbox>
        <xmin>1535</xmin>
        <xmax>2500</xmax>
        <ymin>9</ymin>
        <ymax>10</ymax>
        <period>1157</period>
        <soglia>0.87</soglia>
      </bndbox>
    </object>
  </boxes>
</annotation>