<?xml version="1.0" encoding="utf-8"?>
<annotation>
  <filename>2-salti-38.csv</filename>
  <size>
    <width>2500</width>
    <height>15</height>
    <depth>1</depth>
  </size>
  <boxes>
    <object>
      <name>fragment</name>
      <bndbox>
        <xmin>0</xmin>
        <xmax>1027</xmax>
        <ymin>2</ymin>
        <ymax>3</ymax>
        <period>10</period>
        <soglia>0.48</soglia>
      </bndbox>
    </object>
    <object>
      <name>noise</name>
      <bndbox>
        <xmin>1027</xmin>
        <xmax>2042</xmax>
        <ymin>13</ymin>
        <ymax>15</ymax>
        <period>31417</period>
        <soglia>0.7</soglia>
      </bndbox>
    </object>
    <object>
      <name>fragment</name>
      <bndbox>
        <xmin>2042</xmin>
        <xmax>2500</xmax>
        <ymin>5</ymin>
        <ymax>7</ymax>
        <period>115</period>
        <soglia>0.34</soglia>
      </bndbox>
    </object>
  </boxes>
</annotation>