<?xml version="1.0" encoding="utf-8"?>
<annotation>
  <filename>2-salti-161.csv</filename>
  <size>
    <width>2500</width>
    <height>15</height>
    <depth>1</depth>
  </size>
  <boxes>
    <object>
      <name>noise</name>
      <bndbox>
        <xmin>0</xmin>
        <xmax>695</xmax>
        <ymin>9</ymin>
        <ymax>10</ymax>
        <period>1426</period>
        <soglia>0.52</soglia>
      </bndbox>
    </object>
    <object>
      <name>fragment</name>
      <bndbox>
        <xmin>695</xmin>
        <xmax>2128</xmax>
        <ymin>8</ymin>
        <ymax>9</ymax>
        <period>542</period>
        <soglia>0.12</soglia>
      </bndbox>
    </object>
    <object>
      <name>noise</name>
      <bndbox>
        <xmin>2128</xmin>
        <xmax>2500</xmax>
        <ymin>9</ymin>
        <ymax>10</ymax>
        <period>1412</period>
        <soglia>0.59</soglia>
      </bndbox>
    </object>
  </boxes>
</annotation>