<?xml version="1.0" encoding="utf-8"?>
<annotation>
  <filename>2-salti-167.csv</filename>
  <size>
    <width>2500</width>
    <height>15</height>
    <depth>1</depth>
  </size>
  <boxes>
    <object>
      <name>fragment</name>
      <bndbox>
        <xmin>0</xmin>
        <xmax>1352</xmax>
        <ymin>9</ymin>
        <ymax>11</ymax>
        <period>2010</period>
        <soglia>0.3</soglia>
      </bndbox>
    </object>
    <object>
      <name>fragment</name>
      <bndbox>
        <xmin>1352</xmin>
        <xmax>2149</xmax>
        <ymin>12</ymin>
        <ymax>13</ymax>
        <period>8740</period>
        <soglia>0.1</soglia>
      </bndbox>
    </object>
    <object>
      <name>fragment</name>
      <bndbox>
        <xmin>2149</xmin>
        <xmax>2500</xmax>
        <ymin>6</ymin>
        <ymax>7</ymax>
        <period>178</period>
        <soglia>0.23</soglia>
      </bndbox>
    </object>
  </boxes>
</annotation>