<?xml version="1.0" encoding="utf-8"?>
<annotation>
  <filename>2-salti-48.csv</filename>
  <size>
    <width>2500</width>
    <height>15</height>
    <depth>1</depth>
  </size>
  <boxes>
    <object>
      <name>noise</name>
      <bndbox>
        <xmin>0</xmin>
        <xmax>817</xmax>
        <ymin>5</ymin>
        <ymax>7</ymax>
        <period>127</period>
        <soglia>0.64</soglia>
      </bndbox>
    </object>
    <object>
      <name>noise</name>
      <bndbox>
        <xmin>817</xmin>
        <xmax>1131</xmax>
        <ymin>12</ymin>
        <ymax>13</ymax>
        <period>11301</period>
        <soglia>0.55</soglia>
      </bndbox>
    </object>
    <object>
      <name>noise</name>
      <bndbox>
        <xmin>1131</xmin>
        <xmax>2500</xmax>
        <ymin>4</ymin>
        <ymax>5</ymax>
        <period>39</period>
        <soglia>0.66</soglia>
      </bndbox>
    </object>
  </boxes>
</annotation>