<?xml version="1.0" encoding="utf-8"?>
<annotation>
  <filename>2-salti-120.csv</filename>
  <size>
    <width>2500</width>
    <height>15</height>
    <depth>1</depth>
  </size>
  <boxes>
    <object>
      <name>noise</name>
      <bndbox>
        <xmin>0</xmin>
        <xmax>1184</xmax>
        <ymin>3</ymin>
        <ymax>5</ymax>
        <period>31</period>
        <soglia>0.71</soglia>
      </bndbox>
    </object>
    <object>
      <name>fragment</name>
      <bndbox>
        <xmin>1184</xmin>
        <xmax>1565</xmax>
        <ymin>6</ymin>
        <ymax>8</ymax>
        <period>234</period>
        <soglia>0.29</soglia>
      </bndbox>
    </object>
    <object>
      <name>fragment</name>
      <bndbox>
        <xmin>1565</xmin>
        <xmax>2500</xmax>
        <ymin>1</ymin>
        <ymax>2</ymax>
        <period>6</period>
        <soglia>0.28</soglia>
      </bndbox>
    </object>
  </boxes>
</annotation>