<?xml version="1.0" encoding="utf-8"?>
<annotation>
  <filename>2-salti-174.csv</filename>
  <size>
    <width>2500</width>
    <height>15</height>
    <depth>1</depth>
  </size>
  <boxes>
    <object>
      <name>noise</name>
      <bndbox>
        <xmin>0</xmin>
        <xmax>791</xmax>
        <ymin>2</ymin>
        <ymax>4</ymax>
        <period>15</period>
        <soglia>0.68</soglia>
      </bndbox>
    </object>
    <object>
      <name>fragment</name>
      <bndbox>
        <xmin>791</xmin>
        <xmax>1762</xmax>
        <ymin>8</ymin>
        <ymax>10</ymax>
        <period>941</period>
        <soglia>0.18</soglia>
      </bndbox>
    </object>
    <object>
      <name>fragment</name>
      <bndbox>
        <xmin>1762</xmin>
        <xmax>2500</xmax>
        <ymin>7</ymin>
        <ymax>9</ymax>
        <period>452</period>
        <soglia>0.33</soglia>
      </bndbox>
    </object>
  </boxes>
</annotation>