<?xml version="1.0" encoding="utf-8"?>
<annotation>
  <filename>2-salti-77.csv</filename>
  <size>
    <width>2500</width>
    <height>15</height>
    <depth>1</depth>
  </size>
  <boxes>
    <object>
      <name>noise</name>
      <bndbox>
        <xmin>0</xmin>
        <xmax>1273</xmax>
        <ymin>3</ymin>
        <ymax>4</ymax>
        <period>23</period>
        <soglia>0.58</soglia>
      </bndbox>
    </object>
    <object>
      <name>fragment</name>
      <bndbox>
        <xmin>1273</xmin>
        <xmax>1666</xmax>
        <ymin>5</ymin>
        <ymax>7</ymax>
        <period>122</period>
        <soglia>0.26</soglia>
      </bndbox>
    </object>
    <object>
      <name>noise</name>
      <bndbox>
        <xmin>1666</xmin>
        <xmax>2500</xmax>
        <ymin>13</ymin>
        <ymax>14</ymax>
        <period>25829</period>
        <soglia>0.87</soglia>
      </bndbox>
    </object>
  </boxes>
</annotation>