<?xml version="1.0" encoding="utf-8"?>
<annotation>
  <filename>2-salti-129.csv</filename>
  <size>
    <width>2500</width>
    <height>15</height>
    <depth>1</depth>
  </size>
  <boxes>
    <object>
      <name>fragment</name>
      <bndbox>
        <xmin>0</xmin>
        <xmax>1873</xmax>
        <ymin>5</ymin>
        <ymax>6</ymax>
        <period>105</period>
        <soglia>0.42</soglia>
      </bndbox>
    </object>
    <object>
      <name>noise</name>
      <bndbox>
        <xmin>1873</xmin>
        <xmax>2197</xmax>
        <ymin>6</ymin>
        <ymax>7</ymax>
        <period>132</period>
        <soglia>0.62</soglia>
      </bndbox>
    </object>
    <object>
      <name>fragment</name>
      <bndbox>
        <xmin>2197</xmin>
        <xmax>2500</xmax>
        <ymin>8</ymin>
        <ymax>10</ymax>
        <period>1011</period>
        <soglia>0.19</soglia>
      </bndbox>
    </object>
  </boxes>
</annotation>