<?xml version="1.0" encoding="utf-8"?>
<annotation>
  <filename>2-salti-16.csv</filename>
  <size>
    <width>2500</width>
    <height>15</height>
    <depth>1</depth>
  </size>
  <boxes>
    <object>
      <name>noise</name>
      <bndbox>
        <xmin>0</xmin>
        <xmax>1223</xmax>
        <ymin>13</ymin>
        <ymax>14</ymax>
        <period>26938</period>
        <soglia>0.61</soglia>
      </bndbox>
    </object>
    <object>
      <name>noise</name>
      <bndbox>
        <xmin>1223</xmin>
        <xmax>1760</xmax>
        <ymin>11</ymin>
        <ymax>12</ymax>
        <period>6042</period>
        <soglia>0.65</soglia>
      </bndbox>
    </object>
    <object>
      <name>noise</name>
      <bndbox>
        <xmin>1760</xmin>
        <xmax>2500</xmax>
        <ymin>2</ymin>
        <ymax>3</ymax>
        <period>8</period>
        <soglia>0.58</soglia>
      </bndbox>
    </object>
  </boxes>
</annotation>