<?xml version="1.0" encoding="utf-8"?>
<annotation>
  <filename>2-salti-63.csv</filename>
  <size>
    <width>2500</width>
    <height>15</height>
    <depth>1</depth>
  </size>
  <boxes>
    <object>
      <name>noise</name>
      <bndbox>
        <xmin>0</xmin>
        <xmax>929</xmax>
        <ymin>11</ymin>
        <ymax>12</ymax>
        <period>4099</period>
        <soglia>0.87</soglia>
      </bndbox>
    </object>
    <object>
      <name>noise</name>
      <bndbox>
        <xmin>929</xmin>
        <xmax>1517</xmax>
        <ymin>1</ymin>
        <ymax>3</ymax>
        <period>7</period>
        <soglia>0.71</soglia>
      </bndbox>
    </object>
    <object>
      <name>fragment</name>
      <bndbox>
        <xmin>1517</xmin>
        <xmax>2500</xmax>
        <ymin>5</ymin>
        <ymax>6</ymax>
        <period>70</period>
        <soglia>0.42</soglia>
      </bndbox>
    </object>
  </boxes>
</annotation>