<?xml version="1.0" encoding="utf-8"?>
<annotation>
  <filename>2-salti-58.csv</filename>
  <size>
    <width>2500</width>
    <height>15</height>
    <depth>1</depth>
  </size>
  <boxes>
    <object>
      <name>fragment</name>
      <bndbox>
        <xmin>0</xmin>
        <xmax>1304</xmax>
        <ymin>7</ymin>
        <ymax>8</ymax>
        <period>430</period>
        <soglia>0.15</soglia>
      </bndbox>
    </object>
    <object>
      <name>noise</name>
      <bndbox>
        <xmin>1304</xmin>
        <xmax>1993</xmax>
        <ymin>11</ymin>
        <ymax>12</ymax>
        <period>5439</period>
        <soglia>0.59</soglia>
      </bndbox>
    </object>
    <object>
      <name>fragment</name>
      <bndbox>
        <xmin>1993</xmin>
        <xmax>2500</xmax>
        <ymin>2</ymin>
        <ymax>3</ymax>
        <period>9</period>
        <soglia>0.27</soglia>
      </bndbox>
    </object>
  </boxes>
</annotation>