<?xml version="1.0" encoding="utf-8"?>
<annotation>
  <filename>2-salti-114.csv</filename>
  <size>
    <width>2500</width>
    <height>15</height>
    <depth>1</depth>
  </size>
  <boxes>
    <object>
      <name>fragment</name>
      <bndbox>
        <xmin>0</xmin>
        <xmax>385</xmax>
        <ymin>9</ymin>
        <ymax>10</ymax>
        <period>1588</period>
        <soglia>0.46</soglia>
      </bndbox>
    </object>
    <object>
      <name>noise</name>
      <bndbox>
        <xmin>385</xmin>
        <xmax>1967</xmax>
        <ymin>1</ymin>
        <ymax>2</ymax>
        <period>4</period>
        <soglia>0.84</soglia>
      </bndbox>
    </object>
    <object>
      <name>fragment</name>
      <bndbox>
        <xmin>1967</xmin>
        <xmax>2500</xmax>
        <ymin>3</ymin>
        <ymax>5</ymax>
        <period>29</period>
        <soglia>0.32</soglia>
      </bndbox>
    </object>
  </boxes>
</annotation>