<?xml version="1.0" encoding="utf-8"?>
<annotation>
  <filename>2-salti-76.csv</filename>
  <size>
    <width>2500</width>
    <height>15</height>
    <depth>1</depth>
  </size>
  <boxes>
    <object>
      <name>noise</name>
      <bndbox>
        <xmin>0</xmin>
        <xmax>1612</xmax>
        <ymin>4</ymin>
        <ymax>5</ymax>
        <period>32</period>
        <soglia>0.8</soglia>
      </bndbox>
    </object>
    <object>
      <name>fragment</name>
      <bndbox>
        <xmin>1612</xmin>
        <xmax>2146</xmax>
        <ymin>11</ymin>
        <ymax>12</ymax>
        <period>5540</period>
        <soglia>0.29</soglia>
      </bndbox>
    </object>
    <object>
      <name>fragment</name>
      <bndbox>
        <xmin>2146</xmin>
        <xmax>2500</xmax>
        <ymin>11</ymin>
        <ymax>12</ymax>
        <period>4201</period>
        <soglia>0.45</soglia>
      </bndbox>
    </object>
  </boxes>
</annotation>