<?xml version="1.0" encoding="utf-8"?>
<annotation>
  <filename>2-salti-60.csv</filename>
  <size>
    <width>2500</width>
    <height>15</height>
    <depth>1</depth>
  </size>
  <boxes>
    <object>
      <name>noise</name>
      <bndbox>
        <xmin>0</xmin>
        <xmax>1243</xmax>
        <ymin>2</ymin>
        <ymax>3</ymax>
        <period>10</period>
        <soglia>0.58</soglia>
      </bndbox>
    </object>
    <object>
      <name>fragment</name>
      <bndbox>
        <xmin>1243</xmin>
        <xmax>1611</xmax>
        <ymin>11</ymin>
        <ymax>13</ymax>
        <period>7282</period>
        <soglia>0.2</soglia>
      </bndbox>
    </object>
    <object>
      <name>fragment</name>
      <bndbox>
        <xmin>1611</xmin>
        <xmax>2500</xmax>
        <ymin>5</ymin>
        <ymax>7</ymax>
        <period>126</period>
        <soglia>0.34</soglia>
      </bndbox>
    </object>
  </boxes>
</annotation>