<?xml version="1.0" encoding="utf-8"?>
<annotation>
  <filename>2-salti-102.csv</filename>
  <size>
    <width>2500</width>
    <height>15</height>
    <depth>1</depth>
  </size>
  <boxes>
    <object>
      <name>noise</name>
      <bndbox>
        <xmin>0</xmin>
        <xmax>665</xmax>
        <ymin>3</ymin>
        <ymax>4</ymax>
        <period>22</period>
        <soglia>0.73</soglia>
      </bndbox>
    </object>
    <object>
      <name>noise</name>
      <bndbox>
        <xmin>665</xmin>
        <xmax>1741</xmax>
        <ymin>13</ymin>
        <ymax>14</ymax>
        <period>21340</period>
        <soglia>0.87</soglia>
      </bndbox>
    </object>
    <object>
      <name>fragment</name>
      <bndbox>
        <xmin>1741</xmin>
        <xmax>2500</xmax>
        <ymin>6</ymin>
        <ymax>7</ymax>
        <period>154</period>
        <soglia>0.46</soglia>
      </bndbox>
    </object>
  </boxes>
</annotation>