<?xml version="1.0" encoding="utf-8"?>
<annotation>
  <filename>2-salti-18.csv</filename>
  <size>
    <width>2500</width>
    <height>15</height>
    <depth>1</depth>
  </size>
  <boxes>
    <object>
      <name>noise</name>
      <bndbox>
        <xmin>0</xmin>
        <xmax>662</xmax>
        <ymin>6</ymin>
        <ymax>7</ymax>
        <period>176</period>
        <soglia>0.75</soglia>
      </bndbox>
    </object>
    <object>
      <name>fragment</name>
      <bndbox>
        <xmin>662</xmin>
        <xmax>1557</xmax>
        <ymin>13</ymin>
        <ymax>15</ymax>
        <period>30960</period>
        <soglia>0.3</soglia>
      </bndbox>
    </object>
    <object>
      <name>noise</name>
      <bndbox>
        <xmin>1557</xmin>
        <xmax>2500</xmax>
        <ymin>1</ymin>
        <ymax>3</ymax>
        <period>7</period>
        <soglia>0.77</soglia>
      </bndbox>
    </object>
  </boxes>
</annotation>