<?xml version="1.0" encoding="utf-8"?>
<annotation>
  <filename>2-salti-128.csv</filename>
  <size>
    <width>2500</width>
    <height>15</height>
    <depth>1</depth>
  </size>
  <boxes>
    <object>
      <name>noise</name>
      <bndbox>
        <xmin>0</xmin>
        <xmax>1751</xmax>
        <ymin>3</ymin>
        <ymax>4</ymax>
        <period>18</period>
        <soglia>0.62</soglia>
      </bndbox>
    </object>
    <object>
      <name>noise</name>
      <bndbox>
        <xmin>1751</xmin>
        <xmax>2197</xmax>
        <ymin>10</ymin>
        <ymax>11</ymax>
        <period>3358</period>
        <soglia>0.54</soglia>
      </bndbox>
    </object>
    <object>
      <name>fragment</name>
      <bndbox>
        <xmin>2197</xmin>
        <xmax>2500</xmax>
        <ymin>5</ymin>
        <ymax>7</ymax>
        <period>123</period>
        <soglia>0.34</soglia>
      </bndbox>
    </object>
  </boxes>
</annotation>