<?xml version="1.0" encoding="utf-8"?>
<annotation>
  <filename>2-salti-135.csv</filename>
  <size>
    <width>2500</width>
    <height>15</height>
    <depth>1</depth>
  </size>
  <boxes>
    <object>
      <name>noise</name>
      <bndbox>
        <xmin>0</xmin>
        <xmax>1105</xmax>
        <ymin>5</ymin>
        <ymax>7</ymax>
        <period>125</period>
        <soglia>0.53</soglia>
      </bndbox>
    </object>
    <object>
      <name>fragment</name>
      <bndbox>
        <xmin>1105</xmin>
        <xmax>1608</xmax>
        <ymin>9</ymin>
        <ymax>10</ymax>
        <period>1614</period>
        <soglia>0.49</soglia>
      </bndbox>
    </object>
    <object>
      <name>fragment</name>
      <bndbox>
        <xmin>1608</xmin>
        <xmax>2500</xmax>
        <ymin>10</ymin>
        <ymax>11</ymax>
        <period>2088</period>
        <soglia>0.44</soglia>
      </bndbox>
    </object>
  </boxes>
</annotation>