<?xml version="1.0" encoding="utf-8"?>
<annotation>
  <filename>2-salti-88.csv</filename>
  <size>
    <width>2500</width>
    <height>15</height>
    <depth>1</depth>
  </size>
  <boxes>
    <object>
      <name>noise</name>
      <bndbox>
        <xmin>0</xmin>
        <xmax>1361</xmax>
        <ymin>0</ymin>
        <ymax>1</ymax>
        <period>2</period>
        <soglia>0.73</soglia>
      </bndbox>
    </object>
    <object>
      <name>fragment</name>
      <bndbox>
        <xmin>1361</xmin>
        <xmax>1827</xmax>
        <ymin>1</ymin>
        <ymax>2</ymax>
        <period>5</period>
        <soglia>0.39</soglia>
      </bndbox>
    </object>
    <object>
      <name>noise</name>
      <bndbox>
        <xmin>1827</xmin>
        <xmax>2500</xmax>
        <ymin>10</ymin>
        <ymax>11</ymax>
        <period>2859</period>
        <soglia>0.81</soglia>
      </bndbox>
    </object>
  </boxes>
</annotation>