<?xml version="1.0" encoding="utf-8"?>
<annotation>
  <filename>2-salti-188.csv</filename>
  <size>
    <width>2500</width>
    <height>15</height>
    <depth>1</depth>
  </size>
  <boxes>
    <object>
      <name>noise</name>
      <bndbox>
        <xmin>0</xmin>
        <xmax>1081</xmax>
        <ymin>10</ymin>
        <ymax>11</ymax>
        <period>2067</period>
        <soglia>0.84</soglia>
      </bndbox>
    </object>
    <object>
      <name>fragment</name>
      <bndbox>
        <xmin>1081</xmin>
        <xmax>2193</xmax>
        <ymin>7</ymin>
        <ymax>8</ymax>
        <period>427</period>
        <soglia>0.12</soglia>
      </bndbox>
    </object>
    <object>
      <name>fragment</name>
      <bndbox>
        <xmin>2193</xmin>
        <xmax>2500</xmax>
        <ymin>6</ymin>
        <ymax>8</ymax>
        <period>237</period>
        <soglia>0.24</soglia>
      </bndbox>
    </object>
  </boxes>
</annotation>