<?xml version="1.0" encoding="utf-8"?>
<annotation>
  <filename>2-salti-24.csv</filename>
  <size>
    <width>2500</width>
    <height>15</height>
    <depth>1</depth>
  </size>
  <boxes>
    <object>
      <name>noise</name>
      <bndbox>
        <xmin>0</xmin>
        <xmax>1746</xmax>
        <ymin>0</ymin>
        <ymax>2</ymax>
        <period>3</period>
        <soglia>0.86</soglia>
      </bndbox>
    </object>
    <object>
      <name>fragment</name>
      <bndbox>
        <xmin>1746</xmin>
        <xmax>2191</xmax>
        <ymin>9</ymin>
        <ymax>10</ymax>
        <period>1318</period>
        <soglia>0.11</soglia>
      </bndbox>
    </object>
    <object>
      <name>fragment</name>
      <bndbox>
        <xmin>2191</xmin>
        <xmax>2500</xmax>
        <ymin>7</ymin>
        <ymax>8</ymax>
        <period>283</period>
        <soglia>0.47</soglia>
      </bndbox>
    </object>
  </boxes>
</annotation>