<?xml version="1.0" encoding="utf-8"?>
<annotation>
  <filename>2-salti-162.csv</filename>
  <size>
    <width>2500</width>
    <height>15</height>
    <depth>1</depth>
  </size>
  <boxes>
    <object>
      <name>noise</name>
      <bndbox>
        <xmin>0</xmin>
        <xmax>592</xmax>
        <ymin>0</ymin>
        <ymax>2</ymax>
        <period>3</period>
        <soglia>0.53</soglia>
      </bndbox>
    </object>
    <object>
      <name>noise</name>
      <bndbox>
        <xmin>592</xmin>
        <xmax>2058</xmax>
        <ymin>11</ymin>
        <ymax>12</ymax>
        <period>5479</period>
        <soglia>0.82</soglia>
      </bndbox>
    </object>
    <object>
      <name>noise</name>
      <bndbox>
        <xmin>2058</xmin>
        <xmax>2500</xmax>
        <ymin>1</ymin>
        <ymax>3</ymax>
        <period>7</period>
        <soglia>0.61</soglia>
      </bndbox>
    </object>
  </boxes>
</annotation>