<?xml version="1.0" encoding="utf-8"?>
<annotation>
  <filename>2-salti-66.csv</filename>
  <size>
    <width>2500</width>
    <height>15</height>
    <depth>1</depth>
  </size>
  <boxes>
    <object>
      <name>noise</name>
      <bndbox>
        <xmin>0</xmin>
        <xmax>1627</xmax>
        <ymin>9</ymin>
        <ymax>11</ymax>
        <period>1950</period>
        <soglia>0.75</soglia>
      </bndbox>
    </object>
    <object>
      <name>noise</name>
      <bndbox>
        <xmin>1627</xmin>
        <xmax>1953</xmax>
        <ymin>2</ymin>
        <ymax>3</ymax>
        <period>13</period>
        <soglia>0.55</soglia>
      </bndbox>
    </object>
    <object>
      <name>fragment</name>
      <bndbox>
        <xmin>1953</xmin>
        <xmax>2500</xmax>
        <ymin>8</ymin>
        <ymax>9</ymax>
        <period>595</period>
        <soglia>0.45</soglia>
      </bndbox>
    </object>
  </boxes>
</annotation>