<?xml version="1.0" encoding="utf-8"?>
<annotation>
  <filename>2-salti-111.csv</filename>
  <size>
    <width>2500</width>
    <height>15</height>
    <depth>1</depth>
  </size>
  <boxes>
    <object>
      <name>noise</name>
      <bndbox>
        <xmin>0</xmin>
        <xmax>1878</xmax>
        <ymin>12</ymin>
        <ymax>14</ymax>
        <period>14604</period>
        <soglia>0.76</soglia>
      </bndbox>
    </object>
    <object>
      <name>fragment</name>
      <bndbox>
        <xmin>1878</xmin>
        <xmax>2199</xmax>
        <ymin>8</ymin>
        <ymax>9</ymax>
        <period>674</period>
        <soglia>0.28</soglia>
      </bndbox>
    </object>
    <object>
      <name>noise</name>
      <bndbox>
        <xmin>2199</xmin>
        <xmax>2500</xmax>
        <ymin>13</ymin>
        <ymax>14</ymax>
        <period>25998</period>
        <soglia>0.57</soglia>
      </bndbox>
    </object>
  </boxes>
</annotation>