<?xml version="1.0" encoding="utf-8"?>
<annotation>
  <filename>2-salti-103.csv</filename>
  <size>
    <width>2500</width>
    <height>15</height>
    <depth>1</depth>
  </size>
  <boxes>
    <object>
      <name>noise</name>
      <bndbox>
        <xmin>0</xmin>
        <xmax>614</xmax>
        <ymin>13</ymin>
        <ymax>14</ymax>
        <period>22260</period>
        <soglia>0.51</soglia>
      </bndbox>
    </object>
    <object>
      <name>noise</name>
      <bndbox>
        <xmin>614</xmin>
        <xmax>1940</xmax>
        <ymin>0</ymin>
        <ymax>1</ymax>
        <period>2</period>
        <soglia>0.83</soglia>
      </bndbox>
    </object>
    <object>
      <name>fragment</name>
      <bndbox>
        <xmin>1940</xmin>
        <xmax>2500</xmax>
        <ymin>4</ymin>
        <ymax>6</ymax>
        <period>57</period>
        <soglia>0.14</soglia>
      </bndbox>
    </object>
  </boxes>
</annotation>