<?xml version="1.0" encoding="utf-8"?>
<annotation>
  <filename>2-salti-177.csv</filename>
  <size>
    <width>2500</width>
    <height>15</height>
    <depth>1</depth>
  </size>
  <boxes>
    <object>
      <name>fragment</name>
      <bndbox>
        <xmin>0</xmin>
        <xmax>387</xmax>
        <ymin>0</ymin>
        <ymax>2</ymax>
        <period>3</period>
        <soglia>0.3</soglia>
      </bndbox>
    </object>
    <object>
      <name>fragment</name>
      <bndbox>
        <xmin>387</xmin>
        <xmax>699</xmax>
        <ymin>1</ymin>
        <ymax>2</ymax>
        <period>4</period>
        <soglia>0.44</soglia>
      </bndbox>
    </object>
    <object>
      <name>noise</name>
      <bndbox>
        <xmin>699</xmin>
        <xmax>2500</xmax>
        <ymin>8</ymin>
        <ymax>10</ymax>
        <period>1008</period>
        <soglia>0.78</soglia>
      </bndbox>
    </object>
  </boxes>
</annotation>