<?xml version="1.0" encoding="utf-8"?>
<annotation>
  <filename>2-salti-104.csv</filename>
  <size>
    <width>2500</width>
    <height>15</height>
    <depth>1</depth>
  </size>
  <boxes>
    <object>
      <name>noise</name>
      <bndbox>
        <xmin>0</xmin>
        <xmax>1204</xmax>
        <ymin>5</ymin>
        <ymax>6</ymax>
        <period>104</period>
        <soglia>0.68</soglia>
      </bndbox>
    </object>
    <object>
      <name>fragment</name>
      <bndbox>
        <xmin>1204</xmin>
        <xmax>1749</xmax>
        <ymin>2</ymin>
        <ymax>3</ymax>
        <period>8</period>
        <soglia>0.14</soglia>
      </bndbox>
    </object>
    <object>
      <name>noise</name>
      <bndbox>
        <xmin>1749</xmin>
        <xmax>2500</xmax>
        <ymin>0</ymin>
        <ymax>2</ymax>
        <period>3</period>
        <soglia>0.6</soglia>
      </bndbox>
    </object>
  </boxes>
</annotation>