<?xml version="1.0" encoding="utf-8"?>
<annotation>
  <filename>2-salti-166.csv</filename>
  <size>
    <width>2500</width>
    <height>15</height>
    <depth>1</depth>
  </size>
  <boxes>
    <object>
      <name>fragment</name>
      <bndbox>
        <xmin>0</xmin>
        <xmax>381</xmax>
        <ymin>11</ymin>
        <ymax>12</ymax>
        <period>5353</period>
        <soglia>0.12</soglia>
      </bndbox>
    </object>
    <object>
      <name>noise</name>
      <bndbox>
        <xmin>381</xmin>
        <xmax>1567</xmax>
        <ymin>8</ymin>
        <ymax>9</ymax>
        <period>763</period>
        <soglia>0.57</soglia>
      </bndbox>
    </object>
    <object>
      <name>noise</name>
      <bndbox>
        <xmin>1567</xmin>
        <xmax>2500</xmax>
        <ymin>3</ymin>
        <ymax>5</ymax>
        <period>31</period>
        <soglia>0.89</soglia>
      </bndbox>
    </object>
  </boxes>
</annotation>