<?xml version="1.0" encoding="utf-8"?>
<annotation>
  <filename>2-salti-59.csv</filename>
  <size>
    <width>2500</width>
    <height>15</height>
    <depth>1</depth>
  </size>
  <boxes>
    <object>
      <name>fragment</name>
      <bndbox>
        <xmin>0</xmin>
        <xmax>773</xmax>
        <ymin>6</ymin>
        <ymax>8</ymax>
        <period>253</period>
        <soglia>0.43</soglia>
      </bndbox>
    </object>
    <object>
      <name>noise</name>
      <bndbox>
        <xmin>773</xmin>
        <xmax>1216</xmax>
        <ymin>13</ymin>
        <ymax>15</ymax>
        <period>31045</period>
        <soglia>0.79</soglia>
      </bndbox>
    </object>
    <object>
      <name>noise</name>
      <bndbox>
        <xmin>1216</xmin>
        <xmax>2500</xmax>
        <ymin>10</ymin>
        <ymax>11</ymax>
        <period>2052</period>
        <soglia>0.55</soglia>
      </bndbox>
    </object>
  </boxes>
</annotation>