<?xml version="1.0" encoding="utf-8"?>
<annotation>
  <filename>2-salti-164.csv</filename>
  <size>
    <width>2500</width>
    <height>15</height>
    <depth>1</depth>
  </size>
  <boxes>
    <object>
      <name>noise</name>
      <bndbox>
        <xmin>0</xmin>
        <xmax>1657</xmax>
        <ymin>12</ymin>
        <ymax>13</ymax>
        <period>11143</period>
        <soglia>0.72</soglia>
      </bndbox>
    </object>
    <object>
      <name>noise</name>
      <bndbox>
        <xmin>1657</xmin>
        <xmax>2135</xmax>
        <ymin>3</ymin>
        <ymax>5</ymax>
        <period>28</period>
        <soglia>0.88</soglia>
      </bndbox>
    </object>
    <object>
      <name>noise</name>
      <bndbox>
        <xmin>2135</xmin>
        <xmax>2500</xmax>
        <ymin>13</ymin>
        <ymax>15</ymax>
        <period>31890</period>
        <soglia>0.78</soglia>
      </bndbox>
    </object>
  </boxes>
</annotation>