<?xml version="1.0" encoding="utf-8"?>
<annotation>
  <filename>2-salti-171.csv</filename>
  <size>
    <width>2500</width>
    <height>15</height>
    <depth>1</depth>
  </size>
  <boxes>
    <object>
      <name>noise</name>
      <bndbox>
        <xmin>0</xmin>
        <xmax>1216</xmax>
        <ymin>12</ymin>
        <ymax>13</ymax>
        <period>10831</period>
        <soglia>0.81</soglia>
      </bndbox>
    </object>
    <object>
      <name>noise</name>
      <bndbox>
        <xmin>1216</xmin>
        <xmax>1594</xmax>
        <ymin>7</ymin>
        <ymax>8</ymax>
        <period>402</period>
        <soglia>0.53</soglia>
      </bndbox>
    </object>
    <object>
      <name>fragment</name>
      <bndbox>
        <xmin>1594</xmin>
        <xmax>2500</xmax>
        <ymin>13</ymin>
        <ymax>14</ymax>
        <period>19074</period>
        <soglia>0.46</soglia>
      </bndbox>
    </object>
  </boxes>
</annotation>