<?xml version="1.0" encoding="utf-8"?>
<annotation>
  <filename>2-salti-134.csv</filename>
  <size>
    <width>2500</width>
    <height>15</height>
    <depth>1</depth>
  </size>
  <boxes>
    <object>
      <name>noise</name>
      <bndbox>
        <xmin>0</xmin>
        <xmax>480</xmax>
        <ymin>2</ymin>
        <ymax>4</ymax>
        <period>15</period>
        <soglia>0.69</soglia>
      </bndbox>
    </object>
    <object>
      <name>fragment</name>
      <bndbox>
        <xmin>480</xmin>
        <xmax>2132</xmax>
        <ymin>12</ymin>
        <ymax>13</ymax>
        <period>11489</period>
        <soglia>0.36</soglia>
      </bndbox>
    </object>
    <object>
      <name>noise</name>
      <bndbox>
        <xmin>2132</xmin>
        <xmax>2500</xmax>
        <ymin>1</ymin>
        <ymax>2</ymax>
        <period>6</period>
        <soglia>0.54</soglia>
      </bndbox>
    </object>
  </boxes>
</annotation>