<?xml version="1.0" encoding="utf-8"?>
<annotation>
  <filename>2-salti-74.csv</filename>
  <size>
    <width>2500</width>
    <height>15</height>
    <depth>1</depth>
  </size>
  <boxes>
    <object>
      <name>fragment</name>
      <bndbox>
        <xmin>0</xmin>
        <xmax>959</xmax>
        <ymin>0</ymin>
        <ymax>2</ymax>
        <period>3</period>
        <soglia>0.39</soglia>
      </bndbox>
    </object>
    <object>
      <name>noise</name>
      <bndbox>
        <xmin>959</xmin>
        <xmax>2007</xmax>
        <ymin>3</ymin>
        <ymax>4</ymax>
        <period>20</period>
        <soglia>0.51</soglia>
      </bndbox>
    </object>
    <object>
      <name>fragment</name>
      <bndbox>
        <xmin>2007</xmin>
        <xmax>2500</xmax>
        <ymin>2</ymin>
        <ymax>3</ymax>
        <period>8</period>
        <soglia>0.14</soglia>
      </bndbox>
    </object>
  </boxes>
</annotation>