<?xml version="1.0" encoding="utf-8"?>
<annotation>
  <filename>2-salti-149.csv</filename>
  <size>
    <width>2500</width>
    <height>15</height>
    <depth>1</depth>
  </size>
  <boxes>
    <object>
      <name>fragment</name>
      <bndbox>
        <xmin>0</xmin>
        <xmax>537</xmax>
        <ymin>1</ymin>
        <ymax>2</ymax>
        <period>5</period>
        <soglia>0.4</soglia>
      </bndbox>
    </object>
    <object>
      <name>fragment</name>
      <bndbox>
        <xmin>537</xmin>
        <xmax>1462</xmax>
        <ymin>8</ymin>
        <ymax>9</ymax>
        <period>867</period>
        <soglia>0.45</soglia>
      </bndbox>
    </object>
    <object>
      <name>noise</name>
      <bndbox>
        <xmin>1462</xmin>
        <xmax>2500</xmax>
        <ymin>4</ymin>
        <ymax>5</ymax>
        <period>43</period>
        <soglia>0.84</soglia>
      </bndbox>
    </object>
  </boxes>
</annotation>