<?xml version="1.0" encoding="utf-8"?>
<annotation>
  <filename>2-salti-198.csv</filename>
  <size>
    <width>2500</width>
    <height>15</height>
    <depth>1</depth>
  </size>
  <boxes>
    <object>
      <name>noise</name>
      <bndbox>
        <xmin>0</xmin>
        <xmax>1722</xmax>
        <ymin>10</ymin>
        <ymax>11</ymax>
        <period>2651</period>
        <soglia>0.86</soglia>
      </bndbox>
    </object>
    <object>
      <name>fragment</name>
      <bndbox>
        <xmin>1722</xmin>
        <xmax>2189</xmax>
        <ymin>12</ymin>
        <ymax>14</ymax>
        <period>14533</period>
        <soglia>0.37</soglia>
      </bndbox>
    </object>
    <object>
      <name>fragment</name>
      <bndbox>
        <xmin>2189</xmin>
        <xmax>2500</xmax>
        <ymin>3</ymin>
        <ymax>4</ymax>
        <period>16</period>
        <soglia>0.18</soglia>
      </bndbox>
    </object>
  </boxes>
</annotation>