<?xml version="1.0" encoding="utf-8"?>
<annotation>
  <filename>2-salti-108.csv</filename>
  <size>
    <width>2500</width>
    <height>15</height>
    <depth>1</depth>
  </size>
  <boxes>
    <object>
      <name>fragment</name>
      <bndbox>
        <xmin>0</xmin>
        <xmax>935</xmax>
        <ymin>4</ymin>
        <ymax>5</ymax>
        <period>38</period>
        <soglia>0.49</soglia>
      </bndbox>
    </object>
    <object>
      <name>fragment</name>
      <bndbox>
        <xmin>935</xmin>
        <xmax>2157</xmax>
        <ymin>12</ymin>
        <ymax>13</ymax>
        <period>11797</period>
        <soglia>0.29</soglia>
      </bndbox>
    </object>
    <object>
      <name>fragment</name>
      <bndbox>
        <xmin>2157</xmin>
        <xmax>2500</xmax>
        <ymin>4</ymin>
        <ymax>6</ymax>
        <period>59</period>
        <soglia>0.19</soglia>
      </bndbox>
    </object>
  </boxes>
</annotation>