<?xml version="1.0" encoding="utf-8"?>
<annotation>
  <filename>2-salti-121.csv</filename>
  <size>
    <width>2500</width>
    <height>15</height>
    <depth>1</depth>
  </size>
  <boxes>
    <object>
      <name>noise</name>
      <bndbox>
        <xmin>0</xmin>
        <xmax>661</xmax>
        <ymin>9</ymin>
        <ymax>10</ymax>
        <period>1315</period>
        <soglia>0.69</soglia>
      </bndbox>
    </object>
    <object>
      <name>fragment</name>
      <bndbox>
        <xmin>661</xmin>
        <xmax>1912</xmax>
        <ymin>6</ymin>
        <ymax>8</ymax>
        <period>254</period>
        <soglia>0.33</soglia>
      </bndbox>
    </object>
    <object>
      <name>fragment</name>
      <bndbox>
        <xmin>1912</xmin>
        <xmax>2500</xmax>
        <ymin>7</ymin>
        <ymax>8</ymax>
        <period>404</period>
        <soglia>0.33</soglia>
      </bndbox>
    </object>
  </boxes>
</annotation>