<?xml version="1.0" encoding="utf-8"?>
<annotation>
  <filename>2-salti-115.csv</filename>
  <size>
    <width>2500</width>
    <height>15</height>
    <depth>1</depth>
  </size>
  <boxes>
    <object>
      <name>noise</name>
      <bndbox>
        <xmin>0</xmin>
        <xmax>1015</xmax>
        <ymin>6</ymin>
        <ymax>7</ymax>
        <period>182</period>
        <soglia>0.62</soglia>
      </bndbox>
    </object>
    <object>
      <name>fragment</name>
      <bndbox>
        <xmin>1015</xmin>
        <xmax>1805</xmax>
        <ymin>11</ymin>
        <ymax>12</ymax>
        <period>6271</period>
        <soglia>0.41</soglia>
      </bndbox>
    </object>
    <object>
      <name>fragment</name>
      <bndbox>
        <xmin>1805</xmin>
        <xmax>2500</xmax>
        <ymin>9</ymin>
        <ymax>10</ymax>
        <period>1623</period>
        <soglia>0.36</soglia>
      </bndbox>
    </object>
  </boxes>
</annotation>