<?xml version="1.0" encoding="utf-8"?>
<annotation>
  <filename>2-salti-158.csv</filename>
  <size>
    <width>2500</width>
    <height>15</height>
    <depth>1</depth>
  </size>
  <boxes>
    <object>
      <name>noise</name>
      <bndbox>
        <xmin>0</xmin>
        <xmax>1323</xmax>
        <ymin>4</ymin>
        <ymax>5</ymax>
        <period>38</period>
        <soglia>0.69</soglia>
      </bndbox>
    </object>
    <object>
      <name>noise</name>
      <bndbox>
        <xmin>1323</xmin>
        <xmax>2193</xmax>
        <ymin>9</ymin>
        <ymax>10</ymax>
        <period>1314</period>
        <soglia>0.53</soglia>
      </bndbox>
    </object>
    <object>
      <name>noise</name>
      <bndbox>
        <xmin>2193</xmin>
        <xmax>2500</xmax>
        <ymin>0</ymin>
        <ymax>2</ymax>
        <period>3</period>
        <soglia>0.61</soglia>
      </bndbox>
    </object>
  </boxes>
</annotation>