<?xml version="1.0" encoding="utf-8"?>
<annotation>
  <filename>2-salti-72.csv</filename>
  <size>
    <width>2500</width>
    <height>15</height>
    <depth>1</depth>
  </size>
  <boxes>
    <object>
      <name>fragment</name>
      <bndbox>
        <xmin>0</xmin>
        <xmax>565</xmax>
        <ymin>13</ymin>
        <ymax>15</ymax>
        <period>32643</period>
        <soglia>0.4</soglia>
      </bndbox>
    </object>
    <object>
      <name>noise</name>
      <bndbox>
        <xmin>565</xmin>
        <xmax>994</xmax>
        <ymin>8</ymin>
        <ymax>9</ymax>
        <period>592</period>
        <soglia>0.65</soglia>
      </bndbox>
    </object>
    <object>
      <name>noise</name>
      <bndbox>
        <xmin>994</xmin>
        <xmax>2500</xmax>
        <ymin>6</ymin>
        <ymax>7</ymax>
        <period>168</period>
        <soglia>0.57</soglia>
      </bndbox>
    </object>
  </boxes>
</annotation>