<?xml version="1.0" encoding="utf-8"?>
<annotation>
  <filename>2-salti-73.csv</filename>
  <size>
    <width>2500</width>
    <height>15</height>
    <depth>1</depth>
  </size>
  <boxes>
    <object>
      <name>noise</name>
      <bndbox>
        <xmin>0</xmin>
        <xmax>802</xmax>
        <ymin>4</ymin>
        <ymax>5</ymax>
        <period>50</period>
        <soglia>0.89</soglia>
      </bndbox>
    </object>
    <object>
      <name>noise</name>
      <bndbox>
        <xmin>802</xmin>
        <xmax>1988</xmax>
        <ymin>6</ymin>
        <ymax>8</ymax>
        <period>233</period>
        <soglia>0.58</soglia>
      </bndbox>
    </object>
    <object>
      <name>noise</name>
      <bndbox>
        <xmin>1988</xmin>
        <xmax>2500</xmax>
        <ymin>12</ymin>
        <ymax>13</ymax>
        <period>12144</period>
        <soglia>0.51</soglia>
      </bndbox>
    </object>
  </boxes>
</annotation>