<?xml version="1.0" encoding="utf-8"?>
<annotation>
  <filename>2-salti-109.csv</filename>
  <size>
    <width>2500</width>
    <height>15</height>
    <depth>1</depth>
  </size>
  <boxes>
    <object>
      <name>noise</name>
      <bndbox>
        <xmin>0</xmin>
        <xmax>316</xmax>
        <ymin>12</ymin>
        <ymax>14</ymax>
        <period>15603</period>
        <soglia>0.69</soglia>
      </bndbox>
    </object>
    <object>
      <name>noise</name>
      <bndbox>
        <xmin>316</xmin>
        <xmax>1944</xmax>
        <ymin>1</ymin>
        <ymax>3</ymax>
        <period>7</period>
        <soglia>0.69</soglia>
      </bndbox>
    </object>
    <object>
      <name>fragment</name>
      <bndbox>
        <xmin>1944</xmin>
        <xmax>2500</xmax>
        <ymin>13</ymin>
        <ymax>14</ymax>
        <period>21281</period>
        <soglia>0.25</soglia>
      </bndbox>
    </object>
  </boxes>
</annotation>