<?xml version="1.0" encoding="utf-8"?>
<annotation>
  <filename>2-salti-70.csv</filename>
  <size>
    <width>2500</width>
    <height>15</height>
    <depth>1</depth>
  </size>
  <boxes>
    <object>
      <name>fragment</name>
      <bndbox>
        <xmin>0</xmin>
        <xmax>1084</xmax>
        <ymin>0</ymin>
        <ymax>2</ymax>
        <period>3</period>
        <soglia>0.27</soglia>
      </bndbox>
    </object>
    <object>
      <name>noise</name>
      <bndbox>
        <xmin>1084</xmin>
        <xmax>1836</xmax>
        <ymin>7</ymin>
        <ymax>9</ymax>
        <period>501</period>
        <soglia>0.81</soglia>
      </bndbox>
    </object>
    <object>
      <name>noise</name>
      <bndbox>
        <xmin>1836</xmin>
        <xmax>2500</xmax>
        <ymin>11</ymin>
        <ymax>13</ymax>
        <period>7205</period>
        <soglia>0.84</soglia>
      </bndbox>
    </object>
  </boxes>
</annotation>