<?xml version="1.0" encoding="utf-8"?>
<annotation>
  <filename>2-salti-175.csv</filename>
  <size>
    <width>2500</width>
    <height>15</height>
    <depth>1</depth>
  </size>
  <boxes>
    <object>
      <name>noise</name>
      <bndbox>
        <xmin>0</xmin>
        <xmax>486</xmax>
        <ymin>6</ymin>
        <ymax>7</ymax>
        <period>190</period>
        <soglia>0.87</soglia>
      </bndbox>
    </object>
    <object>
      <name>noise</name>
      <bndbox>
        <xmin>486</xmin>
        <xmax>1100</xmax>
        <ymin>0</ymin>
        <ymax>2</ymax>
        <period>3</period>
        <soglia>0.55</soglia>
      </bndbox>
    </object>
    <object>
      <name>fragment</name>
      <bndbox>
        <xmin>1100</xmin>
        <xmax>2500</xmax>
        <ymin>5</ymin>
        <ymax>7</ymax>
        <period>113</period>
        <soglia>0.12</soglia>
      </bndbox>
    </object>
  </boxes>
</annotation>