<?xml version="1.0" encoding="utf-8"?>
<annotation>
  <filename>2-salti-165.csv</filename>
  <size>
    <width>2500</width>
    <height>15</height>
    <depth>1</depth>
  </size>
  <boxes>
    <object>
      <name>fragment</name>
      <bndbox>
        <xmin>0</xmin>
        <xmax>1652</xmax>
        <ymin>8</ymin>
        <ymax>10</ymax>
        <period>943</period>
        <soglia>0.36</soglia>
      </bndbox>
    </object>
    <object>
      <name>noise</name>
      <bndbox>
        <xmin>1652</xmin>
        <xmax>2188</xmax>
        <ymin>7</ymin>
        <ymax>8</ymax>
        <period>420</period>
        <soglia>0.51</soglia>
      </bndbox>
    </object>
    <object>
      <name>fragment</name>
      <bndbox>
        <xmin>2188</xmin>
        <xmax>2500</xmax>
        <ymin>4</ymin>
        <ymax>5</ymax>
        <period>47</period>
        <soglia>0.46</soglia>
      </bndbox>
    </object>
  </boxes>
</annotation>