<?xml version="1.0" encoding="utf-8"?>
<annotation>
  <filename>3-salti-13.csv</filename>
  <size>
    <width>2500</width>
    <height>15</height>
    <depth>1</depth>
  </size>
  <boxes>
    <object>
      <name>noise</name>
      <bndbox>
        <xmin>0</xmin>
        <xmax>872</xmax>
        <ymin>1</ymin>
        <ymax>2</ymax>
        <period>4</period>
        <soglia>0.62</soglia>
      </bndbox>
    </object>
    <object>
      <name>noise</name>
      <bndbox>
        <xmin>872</xmin>
        <xmax>1410</xmax>
        <ymin>9</ymin>
        <ymax>11</ymax>
        <period>1998</period>
        <soglia>0.53</soglia>
      </bndbox>
    </object>
    <object>
      <name>noise</name>
      <bndbox>
        <xmin>1410</xmin>
        <xmax>1945</xmax>
        <ymin>12</ymin>
        <ymax>13</ymax>
        <period>12458</period>
        <soglia>0.66</soglia>
      </bndbox>
    </object>
    <object>
      <name>fragment</name>
      <bndbox>
        <xmin>1945</xmin>
        <xmax>2500</xmax>
        <ymin>12</ymin>
        <ymax>13</ymax>
        <period>14142</period>
        <soglia>0.4</soglia>
      </bndbox>
    </object>
  </boxes>
</annotation>