<?xml version="1.0" encoding="utf-8"?>
<annotation>
  <filename>3-salti-17.csv</filename>
  <size>
    <width>2500</width>
    <height>15</height>
    <depth>1</depth>
  </size>
  <boxes>
    <object>
      <name>noise</name>
      <bndbox>
        <xmin>0</xmin>
        <xmax>935</xmax>
        <ymin>11</ymin>
        <ymax>12</ymax>
        <period>5397</period>
        <soglia>0.65</soglia>
      </bndbox>
    </object>
    <object>
      <name>noise</name>
      <bndbox>
        <xmin>935</xmin>
        <xmax>1507</xmax>
        <ymin>2</ymin>
        <ymax>3</ymax>
        <period>11</period>
        <soglia>0.7</soglia>
      </bndbox>
    </object>
    <object>
      <name>noise</name>
      <bndbox>
        <xmin>1507</xmin>
        <xmax>1939</xmax>
        <ymin>13</ymin>
        <ymax>14</ymax>
        <period>18977</period>
        <soglia>0.6</soglia>
      </bndbox>
    </object>
    <object>
      <name>fragment</name>
      <bndbox>
        <xmin>1939</xmin>
        <xmax>2500</xmax>
        <ymin>2</ymin>
        <ymax>4</ymax>
        <period>14</period>
        <soglia>0.23</soglia>
      </bndbox>
    </object>
  </boxes>
</annotation>