<?xml version="1.0" encoding="utf-8"?>
<annotation>
  <filename>3-salti-137.csv</filename>
  <size>
    <width>2500</width>
    <height>15</height>
    <depth>1</depth>
  </size>
  <boxes>
    <object>
      <name>noise</name>
      <bndbox>
        <xmin>0</xmin>
        <xmax>1217</xmax>
        <ymin>3</ymin>
        <ymax>4</ymax>
        <period>25</period>
        <soglia>0.79</soglia>
      </bndbox>
    </object>
    <object>
      <name>noise</name>
      <bndbox>
        <xmin>1217</xmin>
        <xmax>1644</xmax>
        <ymin>9</ymin>
        <ymax>10</ymax>
        <period>1076</period>
        <soglia>0.7</soglia>
      </bndbox>
    </object>
    <object>
      <name>fragment</name>
      <bndbox>
        <xmin>1644</xmin>
        <xmax>2034</xmax>
        <ymin>12</ymin>
        <ymax>13</ymax>
        <period>10183</period>
        <soglia>0.2</soglia>
      </bndbox>
    </object>
    <object>
      <name>noise</name>
      <bndbox>
        <xmin>2034</xmin>
        <xmax>2500</xmax>
        <ymin>8</ymin>
        <ymax>9</ymax>
        <period>876</period>
        <soglia>0.62</soglia>
      </bndbox>
    </object>
  </boxes>
</annotation>