<?xml version="1.0" encoding="utf-8"?>
<annotation>
  <filename>3-salti-136.csv</filename>
  <size>
    <width>2500</width>
    <height>15</height>
    <depth>1</depth>
  </size>
  <boxes>
    <object>
      <name>fragment</name>
      <bndbox>
        <xmin>0</xmin>
        <xmax>1057</xmax>
        <ymin>3</ymin>
        <ymax>5</ymax>
        <period>31</period>
        <soglia>0.33</soglia>
      </bndbox>
    </object>
    <object>
      <name>fragment</name>
      <bndbox>
        <xmin>1057</xmin>
        <xmax>1545</xmax>
        <ymin>13</ymin>
        <ymax>14</ymax>
        <period>28377</period>
        <soglia>0.2</soglia>
      </bndbox>
    </object>
    <object>
      <name>fragment</name>
      <bndbox>
        <xmin>1545</xmin>
        <xmax>1918</xmax>
        <ymin>11</ymin>
        <ymax>12</ymax>
        <period>6450</period>
        <soglia>0.14</soglia>
      </bndbox>
    </object>
    <object>
      <name>fragment</name>
      <bndbox>
        <xmin>1918</xmin>
        <xmax>2500</xmax>
        <ymin>0</ymin>
        <ymax>2</ymax>
        <period>3</period>
        <soglia>0.37</soglia>
      </bndbox>
    </object>
  </boxes>
</annotation>