<?xml version="1.0" encoding="utf-8"?>
<annotation>
  <filename>3-salti-66.csv</filename>
  <size>
    <width>2500</width>
    <height>15</height>
    <depth>1</depth>
  </size>
  <boxes>
    <object>
      <name>noise</name>
      <bndbox>
        <xmin>0</xmin>
        <xmax>408</xmax>
        <ymin>2</ymin>
        <ymax>3</ymax>
        <period>8</period>
        <soglia>0.83</soglia>
      </bndbox>
    </object>
    <object>
      <name>noise</name>
      <bndbox>
        <xmin>408</xmin>
        <xmax>1139</xmax>
        <ymin>7</ymin>
        <ymax>8</ymax>
        <period>284</period>
        <soglia>0.62</soglia>
      </bndbox>
    </object>
    <object>
      <name>noise</name>
      <bndbox>
        <xmin>1139</xmin>
        <xmax>1688</xmax>
        <ymin>4</ymin>
        <ymax>5</ymax>
        <period>50</period>
        <soglia>0.77</soglia>
      </bndbox>
    </object>
    <object>
      <name>fragment</name>
      <bndbox>
        <xmin>1688</xmin>
        <xmax>2500</xmax>
        <ymin>5</ymin>
        <ymax>6</ymax>
        <period>90</period>
        <soglia>0.43</soglia>
      </bndbox>
    </object>
  </boxes>
</annotation>