<?xml version="1.0" encoding="utf-8"?>
<annotation>
  <filename>3-salti-184.csv</filename>
  <size>
    <width>2500</width>
    <height>15</height>
    <depth>1</depth>
  </size>
  <boxes>
    <object>
      <name>noise</name>
      <bndbox>
        <xmin>0</xmin>
        <xmax>1101</xmax>
        <ymin>13</ymin>
        <ymax>15</ymax>
        <period>32188</period>
        <soglia>0.87</soglia>
      </bndbox>
    </object>
    <object>
      <name>noise</name>
      <bndbox>
        <xmin>1101</xmin>
        <xmax>1846</xmax>
        <ymin>7</ymin>
        <ymax>8</ymax>
        <period>314</period>
        <soglia>0.54</soglia>
      </bndbox>
    </object>
    <object>
      <name>fragment</name>
      <bndbox>
        <xmin>1846</xmin>
        <xmax>2164</xmax>
        <ymin>13</ymin>
        <ymax>14</ymax>
        <period>20826</period>
        <soglia>0.4</soglia>
      </bndbox>
    </object>
    <object>
      <name>noise</name>
      <bndbox>
        <xmin>2164</xmin>
        <xmax>2500</xmax>
        <ymin>10</ymin>
        <ymax>11</ymax>
        <period>3180</period>
        <soglia>0.89</soglia>
      </bndbox>
    </object>
  </boxes>
</annotation>