<?xml version="1.0" encoding="utf-8"?>
<annotation>
  <filename>3-salti-140.csv</filename>
  <size>
    <width>2500</width>
    <height>15</height>
    <depth>1</depth>
  </size>
  <boxes>
    <object>
      <name>fragment</name>
      <bndbox>
        <xmin>0</xmin>
        <xmax>1290</xmax>
        <ymin>5</ymin>
        <ymax>6</ymax>
        <period>81</period>
        <soglia>0.28</soglia>
      </bndbox>
    </object>
    <object>
      <name>fragment</name>
      <bndbox>
        <xmin>1290</xmin>
        <xmax>1888</xmax>
        <ymin>12</ymin>
        <ymax>13</ymax>
        <period>9052</period>
        <soglia>0.35</soglia>
      </bndbox>
    </object>
    <object>
      <name>fragment</name>
      <bndbox>
        <xmin>1888</xmin>
        <xmax>2191</xmax>
        <ymin>6</ymin>
        <ymax>7</ymax>
        <period>128</period>
        <soglia>0.5</soglia>
      </bndbox>
    </object>
    <object>
      <name>noise</name>
      <bndbox>
        <xmin>2191</xmin>
        <xmax>2500</xmax>
        <ymin>8</ymin>
        <ymax>9</ymax>
        <period>852</period>
        <soglia>0.54</soglia>
      </bndbox>
    </object>
  </boxes>
</annotation>