<?xml version="1.0" encoding="utf-8"?>
<annotation>
  <filename>3-salti-58.csv</filename>
  <size>
    <width>2500</width>
    <height>15</height>
    <depth>1</depth>
  </size>
  <boxes>
    <object>
      <name>fragment</name>
      <bndbox>
        <xmin>0</xmin>
        <xmax>1538</xmax>
        <ymin>0</ymin>
        <ymax>2</ymax>
        <period>3</period>
        <soglia>0.42</soglia>
      </bndbox>
    </object>
    <object>
      <name>fragment</name>
      <bndbox>
        <xmin>1538</xmin>
        <xmax>1858</xmax>
        <ymin>3</ymin>
        <ymax>4</ymax>
        <period>19</period>
        <soglia>0.24</soglia>
      </bndbox>
    </object>
    <object>
      <name>fragment</name>
      <bndbox>
        <xmin>1858</xmin>
        <xmax>2183</xmax>
        <ymin>11</ymin>
        <ymax>12</ymax>
        <period>5467</period>
        <soglia>0.4</soglia>
      </bndbox>
    </object>
    <object>
      <name>noise</name>
      <bndbox>
        <xmin>2183</xmin>
        <xmax>2500</xmax>
        <ymin>4</ymin>
        <ymax>5</ymax>
        <period>54</period>
        <soglia>0.57</soglia>
      </bndbox>
    </object>
  </boxes>
</annotation>