<?xml version="1.0" encoding="utf-8"?>
<annotation>
  <filename>3-salti-4.csv</filename>
  <size>
    <width>2500</width>
    <height>15</height>
    <depth>1</depth>
  </size>
  <boxes>
    <object>
      <name>fragment</name>
      <bndbox>
        <xmin>0</xmin>
        <xmax>505</xmax>
        <ymin>3</ymin>
        <ymax>5</ymax>
        <period>31</period>
        <soglia>0.35</soglia>
      </bndbox>
    </object>
    <object>
      <name>noise</name>
      <bndbox>
        <xmin>505</xmin>
        <xmax>909</xmax>
        <ymin>9</ymin>
        <ymax>11</ymax>
        <period>1919</period>
        <soglia>0.69</soglia>
      </bndbox>
    </object>
    <object>
      <name>fragment</name>
      <bndbox>
        <xmin>909</xmin>
        <xmax>1349</xmax>
        <ymin>0</ymin>
        <ymax>1</ymax>
        <period>2</period>
        <soglia>0.32</soglia>
      </bndbox>
    </object>
    <object>
      <name>fragment</name>
      <bndbox>
        <xmin>1349</xmin>
        <xmax>2500</xmax>
        <ymin>2</ymin>
        <ymax>3</ymax>
        <period>13</period>
        <soglia>0.11</soglia>
      </bndbox>
    </object>
  </boxes>
</annotation>