<?xml version="1.0" encoding="utf-8"?>
<annotation>
  <filename>3-salti-70.csv</filename>
  <size>
    <width>2500</width>
    <height>15</height>
    <depth>1</depth>
  </size>
  <boxes>
    <object>
      <name>fragment</name>
      <bndbox>
        <xmin>0</xmin>
        <xmax>1284</xmax>
        <ymin>6</ymin>
        <ymax>8</ymax>
        <period>252</period>
        <soglia>0.25</soglia>
      </bndbox>
    </object>
    <object>
      <name>fragment</name>
      <bndbox>
        <xmin>1284</xmin>
        <xmax>1854</xmax>
        <ymin>10</ymin>
        <ymax>11</ymax>
        <period>2837</period>
        <soglia>0.37</soglia>
      </bndbox>
    </object>
    <object>
      <name>fragment</name>
      <bndbox>
        <xmin>1854</xmin>
        <xmax>2193</xmax>
        <ymin>10</ymin>
        <ymax>12</ymax>
        <period>3906</period>
        <soglia>0.49</soglia>
      </bndbox>
    </object>
    <object>
      <name>noise</name>
      <bndbox>
        <xmin>2193</xmin>
        <xmax>2500</xmax>
        <ymin>1</ymin>
        <ymax>2</ymax>
        <period>5</period>
        <soglia>0.57</soglia>
      </bndbox>
    </object>
  </boxes>
</annotation>