<?xml version="1.0" encoding="utf-8"?>
<annotation>
  <filename>3-salti-124.csv</filename>
  <size>
    <width>2500</width>
    <height>15</height>
    <depth>1</depth>
  </size>
  <boxes>
    <object>
      <name>fragment</name>
      <bndbox>
        <xmin>0</xmin>
        <xmax>1460</xmax>
        <ymin>3</ymin>
        <ymax>5</ymax>
        <period>30</period>
        <soglia>0.12</soglia>
      </bndbox>
    </object>
    <object>
      <name>fragment</name>
      <bndbox>
        <xmin>1460</xmin>
        <xmax>1891</xmax>
        <ymin>6</ymin>
        <ymax>7</ymax>
        <period>158</period>
        <soglia>0.47</soglia>
      </bndbox>
    </object>
    <object>
      <name>noise</name>
      <bndbox>
        <xmin>1891</xmin>
        <xmax>2193</xmax>
        <ymin>1</ymin>
        <ymax>2</ymax>
        <period>6</period>
        <soglia>0.65</soglia>
      </bndbox>
    </object>
    <object>
      <name>fragment</name>
      <bndbox>
        <xmin>2193</xmin>
        <xmax>2500</xmax>
        <ymin>10</ymin>
        <ymax>11</ymax>
        <period>2739</period>
        <soglia>0.49</soglia>
      </bndbox>
    </object>
  </boxes>
</annotation>