<?xml version="1.0" encoding="utf-8"?>
<annotation>
  <filename>3-salti-135.csv</filename>
  <size>
    <width>2500</width>
    <height>15</height>
    <depth>1</depth>
  </size>
  <boxes>
    <object>
      <name>fragment</name>
      <bndbox>
        <xmin>0</xmin>
        <xmax>551</xmax>
        <ymin>3</ymin>
        <ymax>5</ymax>
        <period>29</period>
        <soglia>0.2</soglia>
      </bndbox>
    </object>
    <object>
      <name>noise</name>
      <bndbox>
        <xmin>551</xmin>
        <xmax>1711</xmax>
        <ymin>9</ymin>
        <ymax>10</ymax>
        <period>1069</period>
        <soglia>0.6</soglia>
      </bndbox>
    </object>
    <object>
      <name>noise</name>
      <bndbox>
        <xmin>1711</xmin>
        <xmax>2094</xmax>
        <ymin>12</ymin>
        <ymax>13</ymax>
        <period>13637</period>
        <soglia>0.54</soglia>
      </bndbox>
    </object>
    <object>
      <name>noise</name>
      <bndbox>
        <xmin>2094</xmin>
        <xmax>2500</xmax>
        <ymin>6</ymin>
        <ymax>7</ymax>
        <period>210</period>
        <soglia>0.73</soglia>
      </bndbox>
    </object>
  </boxes>
</annotation>