<?xml version="1.0" encoding="utf-8"?>
<annotation>
  <filename>3-salti-10.csv</filename>
  <size>
    <width>2500</width>
    <height>15</height>
    <depth>1</depth>
  </size>
  <boxes>
    <object>
      <name>noise</name>
      <bndbox>
        <xmin>0</xmin>
        <xmax>1515</xmax>
        <ymin>11</ymin>
        <ymax>13</ymax>
        <period>8078</period>
        <soglia>0.65</soglia>
      </bndbox>
    </object>
    <object>
      <name>noise</name>
      <bndbox>
        <xmin>1515</xmin>
        <xmax>1895</xmax>
        <ymin>6</ymin>
        <ymax>7</ymax>
        <period>213</period>
        <soglia>0.56</soglia>
      </bndbox>
    </object>
    <object>
      <name>fragment</name>
      <bndbox>
        <xmin>1895</xmin>
        <xmax>2198</xmax>
        <ymin>9</ymin>
        <ymax>11</ymax>
        <period>2040</period>
        <soglia>0.43</soglia>
      </bndbox>
    </object>
    <object>
      <name>fragment</name>
      <bndbox>
        <xmin>2198</xmin>
        <xmax>2500</xmax>
        <ymin>8</ymin>
        <ymax>9</ymax>
        <period>883</period>
        <soglia>0.24</soglia>
      </bndbox>
    </object>
  </boxes>
</annotation>