<?xml version="1.0" encoding="utf-8"?>
<annotation>
  <filename>3-salti-29.csv</filename>
  <size>
    <width>2500</width>
    <height>15</height>
    <depth>1</depth>
  </size>
  <boxes>
    <object>
      <name>fragment</name>
      <bndbox>
        <xmin>0</xmin>
        <xmax>1263</xmax>
        <ymin>2</ymin>
        <ymax>3</ymax>
        <period>11</period>
        <soglia>0.14</soglia>
      </bndbox>
    </object>
    <object>
      <name>fragment</name>
      <bndbox>
        <xmin>1263</xmin>
        <xmax>1875</xmax>
        <ymin>1</ymin>
        <ymax>2</ymax>
        <period>5</period>
        <soglia>0.43</soglia>
      </bndbox>
    </object>
    <object>
      <name>fragment</name>
      <bndbox>
        <xmin>1875</xmin>
        <xmax>2193</xmax>
        <ymin>5</ymin>
        <ymax>6</ymax>
        <period>79</period>
        <soglia>0.4</soglia>
      </bndbox>
    </object>
    <object>
      <name>noise</name>
      <bndbox>
        <xmin>2193</xmin>
        <xmax>2500</xmax>
        <ymin>8</ymin>
        <ymax>10</ymax>
        <period>912</period>
        <soglia>0.63</soglia>
      </bndbox>
    </object>
  </boxes>
</annotation>