<?xml version="1.0" encoding="utf-8"?>
<annotation>
  <filename>3-salti-127.csv</filename>
  <size>
    <width>2500</width>
    <height>15</height>
    <depth>1</depth>
  </size>
  <boxes>
    <object>
      <name>fragment</name>
      <bndbox>
        <xmin>0</xmin>
        <xmax>1195</xmax>
        <ymin>3</ymin>
        <ymax>4</ymax>
        <period>16</period>
        <soglia>0.11</soglia>
      </bndbox>
    </object>
    <object>
      <name>fragment</name>
      <bndbox>
        <xmin>1195</xmin>
        <xmax>1866</xmax>
        <ymin>5</ymin>
        <ymax>6</ymax>
        <period>65</period>
        <soglia>0.46</soglia>
      </bndbox>
    </object>
    <object>
      <name>fragment</name>
      <bndbox>
        <xmin>1866</xmin>
        <xmax>2170</xmax>
        <ymin>13</ymin>
        <ymax>15</ymax>
        <period>29682</period>
        <soglia>0.27</soglia>
      </bndbox>
    </object>
    <object>
      <name>noise</name>
      <bndbox>
        <xmin>2170</xmin>
        <xmax>2500</xmax>
        <ymin>12</ymin>
        <ymax>13</ymax>
        <period>13820</period>
        <soglia>0.57</soglia>
      </bndbox>
    </object>
  </boxes>
</annotation>