<?xml version="1.0" encoding="utf-8"?>
<annotation>
  <filename>3-salti-113.csv</filename>
  <size>
    <width>2500</width>
    <height>15</height>
    <depth>1</depth>
  </size>
  <boxes>
    <object>
      <name>noise</name>
      <bndbox>
        <xmin>0</xmin>
        <xmax>936</xmax>
        <ymin>6</ymin>
        <ymax>8</ymax>
        <period>241</period>
        <soglia>0.6</soglia>
      </bndbox>
    </object>
    <object>
      <name>fragment</name>
      <bndbox>
        <xmin>936</xmin>
        <xmax>1380</xmax>
        <ymin>7</ymin>
        <ymax>9</ymax>
        <period>473</period>
        <soglia>0.3</soglia>
      </bndbox>
    </object>
    <object>
      <name>noise</name>
      <bndbox>
        <xmin>1380</xmin>
        <xmax>2139</xmax>
        <ymin>1</ymin>
        <ymax>2</ymax>
        <period>4</period>
        <soglia>0.71</soglia>
      </bndbox>
    </object>
    <object>
      <name>noise</name>
      <bndbox>
        <xmin>2139</xmin>
        <xmax>2500</xmax>
        <ymin>9</ymin>
        <ymax>10</ymax>
        <period>1091</period>
        <soglia>0.87</soglia>
      </bndbox>
    </object>
  </boxes>
</annotation>