<?xml version="1.0" encoding="utf-8"?>
<annotation>
  <filename>3-salti-134.csv</filename>
  <size>
    <width>2500</width>
    <height>15</height>
    <depth>1</depth>
  </size>
  <boxes>
    <object>
      <name>noise</name>
      <bndbox>
        <xmin>0</xmin>
        <xmax>1537</xmax>
        <ymin>12</ymin>
        <ymax>13</ymax>
        <period>12767</period>
        <soglia>0.62</soglia>
      </bndbox>
    </object>
    <object>
      <name>noise</name>
      <bndbox>
        <xmin>1537</xmin>
        <xmax>1843</xmax>
        <ymin>0</ymin>
        <ymax>1</ymax>
        <period>2</period>
        <soglia>0.65</soglia>
      </bndbox>
    </object>
    <object>
      <name>noise</name>
      <bndbox>
        <xmin>1843</xmin>
        <xmax>2146</xmax>
        <ymin>9</ymin>
        <ymax>11</ymax>
        <period>1874</period>
        <soglia>0.7</soglia>
      </bndbox>
    </object>
    <object>
      <name>fragment</name>
      <bndbox>
        <xmin>2146</xmin>
        <xmax>2500</xmax>
        <ymin>13</ymin>
        <ymax>14</ymax>
        <period>23094</period>
        <soglia>0.24</soglia>
      </bndbox>
    </object>
  </boxes>
</annotation>