<?xml version="1.0" encoding="utf-8"?>
<annotation>
  <filename>3-salti-74.csv</filename>
  <size>
    <width>2500</width>
    <height>15</height>
    <depth>1</depth>
  </size>
  <boxes>
    <object>
      <name>noise</name>
      <bndbox>
        <xmin>0</xmin>
        <xmax>1114</xmax>
        <ymin>13</ymin>
        <ymax>14</ymax>
        <period>23157</period>
        <soglia>0.62</soglia>
      </bndbox>
    </object>
    <object>
      <name>noise</name>
      <bndbox>
        <xmin>1114</xmin>
        <xmax>1811</xmax>
        <ymin>4</ymin>
        <ymax>5</ymax>
        <period>36</period>
        <soglia>0.79</soglia>
      </bndbox>
    </object>
    <object>
      <name>fragment</name>
      <bndbox>
        <xmin>1811</xmin>
        <xmax>2122</xmax>
        <ymin>10</ymin>
        <ymax>11</ymax>
        <period>2747</period>
        <soglia>0.28</soglia>
      </bndbox>
    </object>
    <object>
      <name>fragment</name>
      <bndbox>
        <xmin>2122</xmin>
        <xmax>2500</xmax>
        <ymin>12</ymin>
        <ymax>13</ymax>
        <period>13149</period>
        <soglia>0.38</soglia>
      </bndbox>
    </object>
  </boxes>
</annotation>