<?xml version="1.0" encoding="utf-8"?>
<annotation>
  <filename>3-salti-179.csv</filename>
  <size>
    <width>2500</width>
    <height>15</height>
    <depth>1</depth>
  </size>
  <boxes>
    <object>
      <name>fragment</name>
      <bndbox>
        <xmin>0</xmin>
        <xmax>1198</xmax>
        <ymin>10</ymin>
        <ymax>11</ymax>
        <period>2473</period>
        <soglia>0.34</soglia>
      </bndbox>
    </object>
    <object>
      <name>fragment</name>
      <bndbox>
        <xmin>1198</xmin>
        <xmax>1617</xmax>
        <ymin>0</ymin>
        <ymax>2</ymax>
        <period>3</period>
        <soglia>0.33</soglia>
      </bndbox>
    </object>
    <object>
      <name>fragment</name>
      <bndbox>
        <xmin>1617</xmin>
        <xmax>1947</xmax>
        <ymin>0</ymin>
        <ymax>2</ymax>
        <period>3</period>
        <soglia>0.11</soglia>
      </bndbox>
    </object>
    <object>
      <name>noise</name>
      <bndbox>
        <xmin>1947</xmin>
        <xmax>2500</xmax>
        <ymin>8</ymin>
        <ymax>9</ymax>
        <period>581</period>
        <soglia>0.75</soglia>
      </bndbox>
    </object>
  </boxes>
</annotation>