<?xml version="1.0" encoding="utf-8"?>
<annotation>
  <filename>3-salti-76.csv</filename>
  <size>
    <width>2500</width>
    <height>15</height>
    <depth>1</depth>
  </size>
  <boxes>
    <object>
      <name>fragment</name>
      <bndbox>
        <xmin>0</xmin>
        <xmax>538</xmax>
        <ymin>8</ymin>
        <ymax>10</ymax>
        <period>972</period>
        <soglia>0.33</soglia>
      </bndbox>
    </object>
    <object>
      <name>noise</name>
      <bndbox>
        <xmin>538</xmin>
        <xmax>1641</xmax>
        <ymin>11</ymin>
        <ymax>12</ymax>
        <period>4723</period>
        <soglia>0.69</soglia>
      </bndbox>
    </object>
    <object>
      <name>fragment</name>
      <bndbox>
        <xmin>1641</xmin>
        <xmax>2048</xmax>
        <ymin>3</ymin>
        <ymax>5</ymax>
        <period>31</period>
        <soglia>0.43</soglia>
      </bndbox>
    </object>
    <object>
      <name>noise</name>
      <bndbox>
        <xmin>2048</xmin>
        <xmax>2500</xmax>
        <ymin>6</ymin>
        <ymax>7</ymax>
        <period>171</period>
        <soglia>0.54</soglia>
      </bndbox>
    </object>
  </boxes>
</annotation>