<?xml version="1.0" encoding="utf-8"?>
<annotation>
  <filename>3-salti-153.csv</filename>
  <size>
    <width>2500</width>
    <height>15</height>
    <depth>1</depth>
  </size>
  <boxes>
    <object>
      <name>noise</name>
      <bndbox>
        <xmin>0</xmin>
        <xmax>1059</xmax>
        <ymin>8</ymin>
        <ymax>9</ymax>
        <period>582</period>
        <soglia>0.77</soglia>
      </bndbox>
    </object>
    <object>
      <name>fragment</name>
      <bndbox>
        <xmin>1059</xmin>
        <xmax>1549</xmax>
        <ymin>12</ymin>
        <ymax>13</ymax>
        <period>14290</period>
        <soglia>0.18</soglia>
      </bndbox>
    </object>
    <object>
      <name>fragment</name>
      <bndbox>
        <xmin>1549</xmin>
        <xmax>2104</xmax>
        <ymin>4</ymin>
        <ymax>5</ymax>
        <period>33</period>
        <soglia>0.26</soglia>
      </bndbox>
    </object>
    <object>
      <name>noise</name>
      <bndbox>
        <xmin>2104</xmin>
        <xmax>2500</xmax>
        <ymin>7</ymin>
        <ymax>9</ymax>
        <period>449</period>
        <soglia>0.76</soglia>
      </bndbox>
    </object>
  </boxes>
</annotation>