<?xml version="1.0" encoding="utf-8"?>
<annotation>
  <filename>3-salti-14.csv</filename>
  <size>
    <width>2500</width>
    <height>15</height>
    <depth>1</depth>
  </size>
  <boxes>
    <object>
      <name>fragment</name>
      <bndbox>
        <xmin>0</xmin>
        <xmax>1137</xmax>
        <ymin>5</ymin>
        <ymax>6</ymax>
        <period>74</period>
        <soglia>0.12</soglia>
      </bndbox>
    </object>
    <object>
      <name>noise</name>
      <bndbox>
        <xmin>1137</xmin>
        <xmax>1459</xmax>
        <ymin>9</ymin>
        <ymax>10</ymax>
        <period>1272</period>
        <soglia>0.86</soglia>
      </bndbox>
    </object>
    <object>
      <name>noise</name>
      <bndbox>
        <xmin>1459</xmin>
        <xmax>1926</xmax>
        <ymin>3</ymin>
        <ymax>4</ymax>
        <period>21</period>
        <soglia>0.6</soglia>
      </bndbox>
    </object>
    <object>
      <name>fragment</name>
      <bndbox>
        <xmin>1926</xmin>
        <xmax>2500</xmax>
        <ymin>10</ymin>
        <ymax>11</ymax>
        <period>3550</period>
        <soglia>0.44</soglia>
      </bndbox>
    </object>
  </boxes>
</annotation>