<?xml version="1.0" encoding="utf-8"?>
<annotation>
  <filename>3-salti-60.csv</filename>
  <size>
    <width>2500</width>
    <height>15</height>
    <depth>1</depth>
  </size>
  <boxes>
    <object>
      <name>noise</name>
      <bndbox>
        <xmin>0</xmin>
        <xmax>1155</xmax>
        <ymin>9</ymin>
        <ymax>11</ymax>
        <period>1975</period>
        <soglia>0.87</soglia>
      </bndbox>
    </object>
    <object>
      <name>fragment</name>
      <bndbox>
        <xmin>1155</xmin>
        <xmax>1653</xmax>
        <ymin>0</ymin>
        <ymax>2</ymax>
        <period>3</period>
        <soglia>0.32</soglia>
      </bndbox>
    </object>
    <object>
      <name>fragment</name>
      <bndbox>
        <xmin>1653</xmin>
        <xmax>2051</xmax>
        <ymin>8</ymin>
        <ymax>10</ymax>
        <period>927</period>
        <soglia>0.24</soglia>
      </bndbox>
    </object>
    <object>
      <name>noise</name>
      <bndbox>
        <xmin>2051</xmin>
        <xmax>2500</xmax>
        <ymin>12</ymin>
        <ymax>13</ymax>
        <period>8327</period>
        <soglia>0.82</soglia>
      </bndbox>
    </object>
  </boxes>
</annotation>