<?xml version="1.0" encoding="utf-8"?>
<annotation>
  <filename>3-salti-61.csv</filename>
  <size>
    <width>2500</width>
    <height>15</height>
    <depth>1</depth>
  </size>
  <boxes>
    <object>
      <name>noise</name>
      <bndbox>
        <xmin>0</xmin>
        <xmax>1582</xmax>
        <ymin>6</ymin>
        <ymax>7</ymax>
        <period>153</period>
        <soglia>0.82</soglia>
      </bndbox>
    </object>
    <object>
      <name>noise</name>
      <bndbox>
        <xmin>1582</xmin>
        <xmax>1883</xmax>
        <ymin>10</ymin>
        <ymax>11</ymax>
        <period>2450</period>
        <soglia>0.65</soglia>
      </bndbox>
    </object>
    <object>
      <name>noise</name>
      <bndbox>
        <xmin>1883</xmin>
        <xmax>2189</xmax>
        <ymin>12</ymin>
        <ymax>13</ymax>
        <period>10799</period>
        <soglia>0.89</soglia>
      </bndbox>
    </object>
    <object>
      <name>fragment</name>
      <bndbox>
        <xmin>2189</xmin>
        <xmax>2500</xmax>
        <ymin>0</ymin>
        <ymax>1</ymax>
        <period>2</period>
        <soglia>0.37</soglia>
      </bndbox>
    </object>
  </boxes>
</annotation>