<?xml version="1.0" encoding="utf-8"?>
<annotation>
  <filename>3-salti-197.csv</filename>
  <size>
    <width>2500</width>
    <height>15</height>
    <depth>1</depth>
  </size>
  <boxes>
    <object>
      <name>noise</name>
      <bndbox>
        <xmin>0</xmin>
        <xmax>487</xmax>
        <ymin>10</ymin>
        <ymax>11</ymax>
        <period>2536</period>
        <soglia>0.8</soglia>
      </bndbox>
    </object>
    <object>
      <name>fragment</name>
      <bndbox>
        <xmin>487</xmin>
        <xmax>1144</xmax>
        <ymin>3</ymin>
        <ymax>4</ymax>
        <period>16</period>
        <soglia>0.46</soglia>
      </bndbox>
    </object>
    <object>
      <name>noise</name>
      <bndbox>
        <xmin>1144</xmin>
        <xmax>2026</xmax>
        <ymin>6</ymin>
        <ymax>8</ymax>
        <period>255</period>
        <soglia>0.83</soglia>
      </bndbox>
    </object>
    <object>
      <name>noise</name>
      <bndbox>
        <xmin>2026</xmin>
        <xmax>2500</xmax>
        <ymin>4</ymin>
        <ymax>5</ymax>
        <period>54</period>
        <soglia>0.74</soglia>
      </bndbox>
    </object>
  </boxes>
</annotation>