<?xml version="1.0" encoding="utf-8"?>
<annotation>
  <filename>3-salti-132.csv</filename>
  <size>
    <width>2500</width>
    <height>15</height>
    <depth>1</depth>
  </size>
  <boxes>
    <object>
      <name>fragment</name>
      <bndbox>
        <xmin>0</xmin>
        <xmax>1272</xmax>
        <ymin>11</ymin>
        <ymax>12</ymax>
        <period>5424</period>
        <soglia>0.38</soglia>
      </bndbox>
    </object>
    <object>
      <name>noise</name>
      <bndbox>
        <xmin>1272</xmin>
        <xmax>1891</xmax>
        <ymin>4</ymin>
        <ymax>6</ymax>
        <period>60</period>
        <soglia>0.52</soglia>
      </bndbox>
    </object>
    <object>
      <name>noise</name>
      <bndbox>
        <xmin>1891</xmin>
        <xmax>2197</xmax>
        <ymin>5</ymin>
        <ymax>6</ymax>
        <period>87</period>
        <soglia>0.88</soglia>
      </bndbox>
    </object>
    <object>
      <name>fragment</name>
      <bndbox>
        <xmin>2197</xmin>
        <xmax>2500</xmax>
        <ymin>1</ymin>
        <ymax>2</ymax>
        <period>5</period>
        <soglia>0.24</soglia>
      </bndbox>
    </object>
  </boxes>
</annotation>