<?xml version="1.0" encoding="utf-8"?>
<annotation>
  <filename>3-salti-145.csv</filename>
  <size>
    <width>2500</width>
    <height>15</height>
    <depth>1</depth>
  </size>
  <boxes>
    <object>
      <name>fragment</name>
      <bndbox>
        <xmin>0</xmin>
        <xmax>377</xmax>
        <ymin>2</ymin>
        <ymax>3</ymax>
        <period>11</period>
        <soglia>0.38</soglia>
      </bndbox>
    </object>
    <object>
      <name>noise</name>
      <bndbox>
        <xmin>377</xmin>
        <xmax>1685</xmax>
        <ymin>0</ymin>
        <ymax>1</ymax>
        <period>2</period>
        <soglia>0.9</soglia>
      </bndbox>
    </object>
    <object>
      <name>fragment</name>
      <bndbox>
        <xmin>1685</xmin>
        <xmax>2087</xmax>
        <ymin>1</ymin>
        <ymax>2</ymax>
        <period>6</period>
        <soglia>0.19</soglia>
      </bndbox>
    </object>
    <object>
      <name>fragment</name>
      <bndbox>
        <xmin>2087</xmin>
        <xmax>2500</xmax>
        <ymin>8</ymin>
        <ymax>9</ymax>
        <period>611</period>
        <soglia>0.42</soglia>
      </bndbox>
    </object>
  </boxes>
</annotation>