<?xml version="1.0" encoding="utf-8"?>
<annotation>
  <filename>3-salti-120.csv</filename>
  <size>
    <width>2500</width>
    <height>15</height>
    <depth>1</depth>
  </size>
  <boxes>
    <object>
      <name>noise</name>
      <bndbox>
        <xmin>0</xmin>
        <xmax>1372</xmax>
        <ymin>13</ymin>
        <ymax>14</ymax>
        <period>26694</period>
        <soglia>0.53</soglia>
      </bndbox>
    </object>
    <object>
      <name>fragment</name>
      <bndbox>
        <xmin>1372</xmin>
        <xmax>1780</xmax>
        <ymin>2</ymin>
        <ymax>4</ymax>
        <period>15</period>
        <soglia>0.48</soglia>
      </bndbox>
    </object>
    <object>
      <name>fragment</name>
      <bndbox>
        <xmin>1780</xmin>
        <xmax>2192</xmax>
        <ymin>11</ymin>
        <ymax>13</ymax>
        <period>7354</period>
        <soglia>0.22</soglia>
      </bndbox>
    </object>
    <object>
      <name>fragment</name>
      <bndbox>
        <xmin>2192</xmin>
        <xmax>2500</xmax>
        <ymin>12</ymin>
        <ymax>13</ymax>
        <period>9186</period>
        <soglia>0.31</soglia>
      </bndbox>
    </object>
  </boxes>
</annotation>