<?xml version="1.0" encoding="utf-8"?>
<annotation>
  <filename>3-salti-157.csv</filename>
  <size>
    <width>2500</width>
    <height>15</height>
    <depth>1</depth>
  </size>
  <boxes>
    <object>
      <name>fragment</name>
      <bndbox>
        <xmin>0</xmin>
        <xmax>1035</xmax>
        <ymin>1</ymin>
        <ymax>3</ymax>
        <period>7</period>
        <soglia>0.35</soglia>
      </bndbox>
    </object>
    <object>
      <name>fragment</name>
      <bndbox>
        <xmin>1035</xmin>
        <xmax>1346</xmax>
        <ymin>2</ymin>
        <ymax>3</ymax>
        <period>9</period>
        <soglia>0.29</soglia>
      </bndbox>
    </object>
    <object>
      <name>noise</name>
      <bndbox>
        <xmin>1346</xmin>
        <xmax>1996</xmax>
        <ymin>0</ymin>
        <ymax>1</ymax>
        <period>2</period>
        <soglia>0.71</soglia>
      </bndbox>
    </object>
    <object>
      <name>fragment</name>
      <bndbox>
        <xmin>1996</xmin>
        <xmax>2500</xmax>
        <ymin>1</ymin>
        <ymax>2</ymax>
        <period>4</period>
        <soglia>0.5</soglia>
      </bndbox>
    </object>
  </boxes>
</annotation>