<?xml version="1.0" encoding="utf-8"?>
<annotation>
  <filename>3-salti-112.csv</filename>
  <size>
    <width>2500</width>
    <height>15</height>
    <depth>1</depth>
  </size>
  <boxes>
    <object>
      <name>fragment</name>
      <bndbox>
        <xmin>0</xmin>
        <xmax>1051</xmax>
        <ymin>8</ymin>
        <ymax>9</ymax>
        <period>861</period>
        <soglia>0.42</soglia>
      </bndbox>
    </object>
    <object>
      <name>noise</name>
      <bndbox>
        <xmin>1051</xmin>
        <xmax>1726</xmax>
        <ymin>6</ymin>
        <ymax>8</ymax>
        <period>235</period>
        <soglia>0.89</soglia>
      </bndbox>
    </object>
    <object>
      <name>fragment</name>
      <bndbox>
        <xmin>1726</xmin>
        <xmax>2144</xmax>
        <ymin>5</ymin>
        <ymax>7</ymax>
        <period>126</period>
        <soglia>0.21</soglia>
      </bndbox>
    </object>
    <object>
      <name>fragment</name>
      <bndbox>
        <xmin>2144</xmin>
        <xmax>2500</xmax>
        <ymin>3</ymin>
        <ymax>4</ymax>
        <period>21</period>
        <soglia>0.36</soglia>
      </bndbox>
    </object>
  </boxes>
</annotation>