<?xml version="1.0" encoding="utf-8"?>
<annotation>
  <filename>3-salti-2.csv</filename>
  <size>
    <width>2500</width>
    <height>15</height>
    <depth>1</depth>
  </size>
  <boxes>
    <object>
      <name>noise</name>
      <bndbox>
        <xmin>0</xmin>
        <xmax>944</xmax>
        <ymin>5</ymin>
        <ymax>6</ymax>
        <period>108</period>
        <soglia>0.56</soglia>
      </bndbox>
    </object>
    <object>
      <name>noise</name>
      <bndbox>
        <xmin>944</xmin>
        <xmax>1653</xmax>
        <ymin>3</ymin>
        <ymax>4</ymax>
        <period>25</period>
        <soglia>0.84</soglia>
      </bndbox>
    </object>
    <object>
      <name>fragment</name>
      <bndbox>
        <xmin>1653</xmin>
        <xmax>1959</xmax>
        <ymin>5</ymin>
        <ymax>6</ymax>
        <period>79</period>
        <soglia>0.49</soglia>
      </bndbox>
    </object>
    <object>
      <name>noise</name>
      <bndbox>
        <xmin>1959</xmin>
        <xmax>2500</xmax>
        <ymin>0</ymin>
        <ymax>1</ymax>
        <period>2</period>
        <soglia>0.61</soglia>
      </bndbox>
    </object>
  </boxes>
</annotation>