<?xml version="1.0" encoding="utf-8"?>
<annotation>
  <filename>3-salti-142.csv</filename>
  <size>
    <width>2500</width>
    <height>15</height>
    <depth>1</depth>
  </size>
  <boxes>
    <object>
      <name>fragment</name>
      <bndbox>
        <xmin>0</xmin>
        <xmax>939</xmax>
        <ymin>9</ymin>
        <ymax>10</ymax>
        <period>1597</period>
        <soglia>0.47</soglia>
      </bndbox>
    </object>
    <object>
      <name>fragment</name>
      <bndbox>
        <xmin>939</xmin>
        <xmax>1396</xmax>
        <ymin>13</ymin>
        <ymax>15</ymax>
        <period>32412</period>
        <soglia>0.39</soglia>
      </bndbox>
    </object>
    <object>
      <name>fragment</name>
      <bndbox>
        <xmin>1396</xmin>
        <xmax>2091</xmax>
        <ymin>0</ymin>
        <ymax>1</ymax>
        <period>2</period>
        <soglia>0.29</soglia>
      </bndbox>
    </object>
    <object>
      <name>fragment</name>
      <bndbox>
        <xmin>2091</xmin>
        <xmax>2500</xmax>
        <ymin>9</ymin>
        <ymax>11</ymax>
        <period>1946</period>
        <soglia>0.45</soglia>
      </bndbox>
    </object>
  </boxes>
</annotation>