<?xml version="1.0" encoding="utf-8"?>
<annotation>
  <filename>3-salti-196.csv</filename>
  <size>
    <width>2500</width>
    <height>15</height>
    <depth>1</depth>
  </size>
  <boxes>
    <object>
      <name>fragment</name>
      <bndbox>
        <xmin>0</xmin>
        <xmax>488</xmax>
        <ymin>11</ymin>
        <ymax>13</ymax>
        <period>7511</period>
        <soglia>0.22</soglia>
      </bndbox>
    </object>
    <object>
      <name>fragment</name>
      <bndbox>
        <xmin>488</xmin>
        <xmax>854</xmax>
        <ymin>13</ymin>
        <ymax>14</ymax>
        <period>16615</period>
        <soglia>0.46</soglia>
      </bndbox>
    </object>
    <object>
      <name>fragment</name>
      <bndbox>
        <xmin>854</xmin>
        <xmax>1292</xmax>
        <ymin>9</ymin>
        <ymax>11</ymax>
        <period>1939</period>
        <soglia>0.44</soglia>
      </bndbox>
    </object>
    <object>
      <name>fragment</name>
      <bndbox>
        <xmin>1292</xmin>
        <xmax>2500</xmax>
        <ymin>12</ymin>
        <ymax>13</ymax>
        <period>12961</period>
        <soglia>0.1</soglia>
      </bndbox>
    </object>
  </boxes>
</annotation>