<?xml version="1.0" encoding="utf-8"?>
<annotation>
  <filename>3-salti-141.csv</filename>
  <size>
    <width>2500</width>
    <height>15</height>
    <depth>1</depth>
  </size>
  <boxes>
    <object>
      <name>noise</name>
      <bndbox>
        <xmin>0</xmin>
        <xmax>758</xmax>
        <ymin>5</ymin>
        <ymax>7</ymax>
        <period>113</period>
        <soglia>0.65</soglia>
      </bndbox>
    </object>
    <object>
      <name>fragment</name>
      <bndbox>
        <xmin>758</xmin>
        <xmax>1807</xmax>
        <ymin>0</ymin>
        <ymax>1</ymax>
        <period>2</period>
        <soglia>0.17</soglia>
      </bndbox>
    </object>
    <object>
      <name>noise</name>
      <bndbox>
        <xmin>1807</xmin>
        <xmax>2197</xmax>
        <ymin>1</ymin>
        <ymax>3</ymax>
        <period>7</period>
        <soglia>0.64</soglia>
      </bndbox>
    </object>
    <object>
      <name>fragment</name>
      <bndbox>
        <xmin>2197</xmin>
        <xmax>2500</xmax>
        <ymin>3</ymin>
        <ymax>5</ymax>
        <period>29</period>
        <soglia>0.45</soglia>
      </bndbox>
    </object>
  </boxes>
</annotation>