<?xml version="1.0" encoding="utf-8"?>
<annotation>
  <filename>3-salti-185.csv</filename>
  <size>
    <width>2500</width>
    <height>15</height>
    <depth>1</depth>
  </size>
  <boxes>
    <object>
      <name>fragment</name>
      <bndbox>
        <xmin>0</xmin>
        <xmax>1310</xmax>
        <ymin>3</ymin>
        <ymax>5</ymax>
        <period>31</period>
        <soglia>0.19</soglia>
      </bndbox>
    </object>
    <object>
      <name>noise</name>
      <bndbox>
        <xmin>1310</xmin>
        <xmax>1875</xmax>
        <ymin>5</ymin>
        <ymax>6</ymax>
        <period>64</period>
        <soglia>0.71</soglia>
      </bndbox>
    </object>
    <object>
      <name>noise</name>
      <bndbox>
        <xmin>1875</xmin>
        <xmax>2189</xmax>
        <ymin>7</ymin>
        <ymax>9</ymax>
        <period>501</period>
        <soglia>0.77</soglia>
      </bndbox>
    </object>
    <object>
      <name>noise</name>
      <bndbox>
        <xmin>2189</xmin>
        <xmax>2500</xmax>
        <ymin>8</ymin>
        <ymax>9</ymax>
        <period>789</period>
        <soglia>0.52</soglia>
      </bndbox>
    </object>
  </boxes>
</annotation>