<?xml version="1.0" encoding="utf-8"?>
<annotation>
  <filename>3-salti-121.csv</filename>
  <size>
    <width>2500</width>
    <height>15</height>
    <depth>1</depth>
  </size>
  <boxes>
    <object>
      <name>fragment</name>
      <bndbox>
        <xmin>0</xmin>
        <xmax>1371</xmax>
        <ymin>8</ymin>
        <ymax>9</ymax>
        <period>740</period>
        <soglia>0.14</soglia>
      </bndbox>
    </object>
    <object>
      <name>fragment</name>
      <bndbox>
        <xmin>1371</xmin>
        <xmax>1783</xmax>
        <ymin>4</ymin>
        <ymax>5</ymax>
        <period>32</period>
        <soglia>0.41</soglia>
      </bndbox>
    </object>
    <object>
      <name>fragment</name>
      <bndbox>
        <xmin>1783</xmin>
        <xmax>2111</xmax>
        <ymin>3</ymin>
        <ymax>4</ymax>
        <period>23</period>
        <soglia>0.25</soglia>
      </bndbox>
    </object>
    <object>
      <name>noise</name>
      <bndbox>
        <xmin>2111</xmin>
        <xmax>2500</xmax>
        <ymin>11</ymin>
        <ymax>12</ymax>
        <period>5571</period>
        <soglia>0.6</soglia>
      </bndbox>
    </object>
  </boxes>
</annotation>