<?xml version="1.0" encoding="utf-8"?>
<annotation>
  <filename>3-salti-195.csv</filename>
  <size>
    <width>2500</width>
    <height>15</height>
    <depth>1</depth>
  </size>
  <boxes>
    <object>
      <name>noise</name>
      <bndbox>
        <xmin>0</xmin>
        <xmax>1225</xmax>
        <ymin>10</ymin>
        <ymax>12</ymax>
        <period>4085</period>
        <soglia>0.76</soglia>
      </bndbox>
    </object>
    <object>
      <name>noise</name>
      <bndbox>
        <xmin>1225</xmin>
        <xmax>1792</xmax>
        <ymin>2</ymin>
        <ymax>4</ymax>
        <period>14</period>
        <soglia>0.55</soglia>
      </bndbox>
    </object>
    <object>
      <name>fragment</name>
      <bndbox>
        <xmin>1792</xmin>
        <xmax>2152</xmax>
        <ymin>5</ymin>
        <ymax>6</ymax>
        <period>87</period>
        <soglia>0.31</soglia>
      </bndbox>
    </object>
    <object>
      <name>fragment</name>
      <bndbox>
        <xmin>2152</xmin>
        <xmax>2500</xmax>
        <ymin>4</ymin>
        <ymax>5</ymax>
        <period>38</period>
        <soglia>0.47</soglia>
      </bndbox>
    </object>
  </boxes>
</annotation>