<?xml version="1.0" encoding="utf-8"?>
<annotation>
  <filename>3-salti-144.csv</filename>
  <size>
    <width>2500</width>
    <height>15</height>
    <depth>1</depth>
  </size>
  <boxes>
    <object>
      <name>noise</name>
      <bndbox>
        <xmin>0</xmin>
        <xmax>716</xmax>
        <ymin>5</ymin>
        <ymax>6</ymax>
        <period>71</period>
        <soglia>0.8</soglia>
      </bndbox>
    </object>
    <object>
      <name>noise</name>
      <bndbox>
        <xmin>716</xmin>
        <xmax>1772</xmax>
        <ymin>3</ymin>
        <ymax>4</ymax>
        <period>17</period>
        <soglia>0.61</soglia>
      </bndbox>
    </object>
    <object>
      <name>fragment</name>
      <bndbox>
        <xmin>1772</xmin>
        <xmax>2194</xmax>
        <ymin>10</ymin>
        <ymax>11</ymax>
        <period>3500</period>
        <soglia>0.17</soglia>
      </bndbox>
    </object>
    <object>
      <name>fragment</name>
      <bndbox>
        <xmin>2194</xmin>
        <xmax>2500</xmax>
        <ymin>3</ymin>
        <ymax>5</ymax>
        <period>28</period>
        <soglia>0.43</soglia>
      </bndbox>
    </object>
  </boxes>
</annotation>