<?xml version="1.0" encoding="utf-8"?>
<annotation>
  <filename>3-salti-98.csv</filename>
  <size>
    <width>2500</width>
    <height>15</height>
    <depth>1</depth>
  </size>
  <boxes>
    <object>
      <name>noise</name>
      <bndbox>
        <xmin>0</xmin>
        <xmax>408</xmax>
        <ymin>2</ymin>
        <ymax>3</ymax>
        <period>12</period>
        <soglia>0.62</soglia>
      </bndbox>
    </object>
    <object>
      <name>fragment</name>
      <bndbox>
        <xmin>408</xmin>
        <xmax>1717</xmax>
        <ymin>5</ymin>
        <ymax>6</ymax>
        <period>98</period>
        <soglia>0.33</soglia>
      </bndbox>
    </object>
    <object>
      <name>noise</name>
      <bndbox>
        <xmin>1717</xmin>
        <xmax>2072</xmax>
        <ymin>1</ymin>
        <ymax>2</ymax>
        <period>5</period>
        <soglia>0.52</soglia>
      </bndbox>
    </object>
    <object>
      <name>fragment</name>
      <bndbox>
        <xmin>2072</xmin>
        <xmax>2500</xmax>
        <ymin>13</ymin>
        <ymax>14</ymax>
        <period>16674</period>
        <soglia>0.3</soglia>
      </bndbox>
    </object>
  </boxes>
</annotation>