<?xml version="1.0" encoding="utf-8"?>
<annotation>
  <filename>3-salti-178.csv</filename>
  <size>
    <width>2500</width>
    <height>15</height>
    <depth>1</depth>
  </size>
  <boxes>
    <object>
      <name>noise</name>
      <bndbox>
        <xmin>0</xmin>
        <xmax>1322</xmax>
        <ymin>13</ymin>
        <ymax>15</ymax>
        <period>28976</period>
        <soglia>0.7</soglia>
      </bndbox>
    </object>
    <object>
      <name>noise</name>
      <bndbox>
        <xmin>1322</xmin>
        <xmax>1741</xmax>
        <ymin>0</ymin>
        <ymax>1</ymax>
        <period>2</period>
        <soglia>0.67</soglia>
      </bndbox>
    </object>
    <object>
      <name>fragment</name>
      <bndbox>
        <xmin>1741</xmin>
        <xmax>2186</xmax>
        <ymin>0</ymin>
        <ymax>1</ymax>
        <period>2</period>
        <soglia>0.48</soglia>
      </bndbox>
    </object>
    <object>
      <name>noise</name>
      <bndbox>
        <xmin>2186</xmin>
        <xmax>2500</xmax>
        <ymin>7</ymin>
        <ymax>9</ymax>
        <period>452</period>
        <soglia>0.69</soglia>
      </bndbox>
    </object>
  </boxes>
</annotation>