<?xml version="1.0" encoding="utf-8"?>
<annotation>
  <filename>3-salti-7.csv</filename>
  <size>
    <width>2500</width>
    <height>15</height>
    <depth>1</depth>
  </size>
  <boxes>
    <object>
      <name>noise</name>
      <bndbox>
        <xmin>0</xmin>
        <xmax>1346</xmax>
        <ymin>9</ymin>
        <ymax>10</ymax>
        <period>1759</period>
        <soglia>0.61</soglia>
      </bndbox>
    </object>
    <object>
      <name>fragment</name>
      <bndbox>
        <xmin>1346</xmin>
        <xmax>1721</xmax>
        <ymin>5</ymin>
        <ymax>6</ymax>
        <period>69</period>
        <soglia>0.46</soglia>
      </bndbox>
    </object>
    <object>
      <name>noise</name>
      <bndbox>
        <xmin>1721</xmin>
        <xmax>2176</xmax>
        <ymin>12</ymin>
        <ymax>13</ymax>
        <period>10877</period>
        <soglia>0.56</soglia>
      </bndbox>
    </object>
    <object>
      <name>fragment</name>
      <bndbox>
        <xmin>2176</xmin>
        <xmax>2500</xmax>
        <ymin>3</ymin>
        <ymax>4</ymax>
        <period>19</period>
        <soglia>0.25</soglia>
      </bndbox>
    </object>
  </boxes>
</annotation>