<?xml version="1.0" encoding="utf-8"?>
<annotation>
  <filename>3-salti-152.csv</filename>
  <size>
    <width>2500</width>
    <height>15</height>
    <depth>1</depth>
  </size>
  <boxes>
    <object>
      <name>fragment</name>
      <bndbox>
        <xmin>0</xmin>
        <xmax>990</xmax>
        <ymin>9</ymin>
        <ymax>11</ymax>
        <period>1970</period>
        <soglia>0.42</soglia>
      </bndbox>
    </object>
    <object>
      <name>fragment</name>
      <bndbox>
        <xmin>990</xmin>
        <xmax>1716</xmax>
        <ymin>10</ymin>
        <ymax>11</ymax>
        <period>2771</period>
        <soglia>0.23</soglia>
      </bndbox>
    </object>
    <object>
      <name>noise</name>
      <bndbox>
        <xmin>1716</xmin>
        <xmax>2051</xmax>
        <ymin>3</ymin>
        <ymax>5</ymax>
        <period>29</period>
        <soglia>0.65</soglia>
      </bndbox>
    </object>
    <object>
      <name>fragment</name>
      <bndbox>
        <xmin>2051</xmin>
        <xmax>2500</xmax>
        <ymin>13</ymin>
        <ymax>14</ymax>
        <period>21667</period>
        <soglia>0.2</soglia>
      </bndbox>
    </object>
  </boxes>
</annotation>