<?xml version="1.0" encoding="utf-8"?>
<annotation>
  <filename>3-salti-190.csv</filename>
  <size>
    <width>2500</width>
    <height>15</height>
    <depth>1</depth>
  </size>
  <boxes>
    <object>
      <name>fragment</name>
      <bndbox>
        <xmin>0</xmin>
        <xmax>1152</xmax>
        <ymin>4</ymin>
        <ymax>6</ymax>
        <period>62</period>
        <soglia>0.48</soglia>
      </bndbox>
    </object>
    <object>
      <name>fragment</name>
      <bndbox>
        <xmin>1152</xmin>
        <xmax>1876</xmax>
        <ymin>11</ymin>
        <ymax>12</ymax>
        <period>5378</period>
        <soglia>0.37</soglia>
      </bndbox>
    </object>
    <object>
      <name>fragment</name>
      <bndbox>
        <xmin>1876</xmin>
        <xmax>2198</xmax>
        <ymin>2</ymin>
        <ymax>3</ymax>
        <period>8</period>
        <soglia>0.3</soglia>
      </bndbox>
    </object>
    <object>
      <name>fragment</name>
      <bndbox>
        <xmin>2198</xmin>
        <xmax>2500</xmax>
        <ymin>12</ymin>
        <ymax>13</ymax>
        <period>14087</period>
        <soglia>0.41</soglia>
      </bndbox>
    </object>
  </boxes>
</annotation>