<?xml version="1.0" encoding="utf-8"?>
<annotation>
  <filename>3-salti-147.csv</filename>
  <size>
    <width>2500</width>
    <height>15</height>
    <depth>1</depth>
  </size>
  <boxes>
    <object>
      <name>fragment</name>
      <bndbox>
        <xmin>0</xmin>
        <xmax>693</xmax>
        <ymin>10</ymin>
        <ymax>11</ymax>
        <period>3081</period>
        <soglia>0.15</soglia>
      </bndbox>
    </object>
    <object>
      <name>fragment</name>
      <bndbox>
        <xmin>693</xmin>
        <xmax>1872</xmax>
        <ymin>4</ymin>
        <ymax>5</ymax>
        <period>36</period>
        <soglia>0.11</soglia>
      </bndbox>
    </object>
    <object>
      <name>fragment</name>
      <bndbox>
        <xmin>1872</xmin>
        <xmax>2174</xmax>
        <ymin>3</ymin>
        <ymax>4</ymax>
        <period>17</period>
        <soglia>0.43</soglia>
      </bndbox>
    </object>
    <object>
      <name>noise</name>
      <bndbox>
        <xmin>2174</xmin>
        <xmax>2500</xmax>
        <ymin>9</ymin>
        <ymax>11</ymax>
        <period>2046</period>
        <soglia>0.86</soglia>
      </bndbox>
    </object>
  </boxes>
</annotation>