<?xml version="1.0" encoding="utf-8"?>
<annotation>
  <filename>3-salti-154.csv</filename>
  <size>
    <width>2500</width>
    <height>15</height>
    <depth>1</depth>
  </size>
  <boxes>
    <object>
      <name>fragment</name>
      <bndbox>
        <xmin>0</xmin>
        <xmax>1032</xmax>
        <ymin>0</ymin>
        <ymax>2</ymax>
        <period>3</period>
        <soglia>0.19</soglia>
      </bndbox>
    </object>
    <object>
      <name>fragment</name>
      <bndbox>
        <xmin>1032</xmin>
        <xmax>1819</xmax>
        <ymin>5</ymin>
        <ymax>6</ymax>
        <period>110</period>
        <soglia>0.42</soglia>
      </bndbox>
    </object>
    <object>
      <name>fragment</name>
      <bndbox>
        <xmin>1819</xmin>
        <xmax>2192</xmax>
        <ymin>8</ymin>
        <ymax>9</ymax>
        <period>578</period>
        <soglia>0.26</soglia>
      </bndbox>
    </object>
    <object>
      <name>noise</name>
      <bndbox>
        <xmin>2192</xmin>
        <xmax>2500</xmax>
        <ymin>11</ymin>
        <ymax>12</ymax>
        <period>6833</period>
        <soglia>0.6</soglia>
      </bndbox>
    </object>
  </boxes>
</annotation>