<?xml version="1.0" encoding="utf-8"?>
<annotation>
  <filename>3-salti-38.csv</filename>
  <size>
    <width>2500</width>
    <height>15</height>
    <depth>1</depth>
  </size>
  <boxes>
    <object>
      <name>fragment</name>
      <bndbox>
        <xmin>0</xmin>
        <xmax>1062</xmax>
        <ymin>3</ymin>
        <ymax>4</ymax>
        <period>27</period>
        <soglia>0.38</soglia>
      </bndbox>
    </object>
    <object>
      <name>noise</name>
      <bndbox>
        <xmin>1062</xmin>
        <xmax>1431</xmax>
        <ymin>4</ymin>
        <ymax>5</ymax>
        <period>52</period>
        <soglia>0.72</soglia>
      </bndbox>
    </object>
    <object>
      <name>fragment</name>
      <bndbox>
        <xmin>1431</xmin>
        <xmax>1884</xmax>
        <ymin>5</ymin>
        <ymax>7</ymax>
        <period>120</period>
        <soglia>0.28</soglia>
      </bndbox>
    </object>
    <object>
      <name>noise</name>
      <bndbox>
        <xmin>1884</xmin>
        <xmax>2500</xmax>
        <ymin>11</ymin>
        <ymax>12</ymax>
        <period>5746</period>
        <soglia>0.55</soglia>
      </bndbox>
    </object>
  </boxes>
</annotation>