<?xml version="1.0" encoding="utf-8"?>
<annotation>
  <filename>3-salti-49.csv</filename>
  <size>
    <width>2500</width>
    <height>15</height>
    <depth>1</depth>
  </size>
  <boxes>
    <object>
      <name>noise</name>
      <bndbox>
        <xmin>0</xmin>
        <xmax>592</xmax>
        <ymin>4</ymin>
        <ymax>5</ymax>
        <period>33</period>
        <soglia>0.69</soglia>
      </bndbox>
    </object>
    <object>
      <name>noise</name>
      <bndbox>
        <xmin>592</xmin>
        <xmax>1247</xmax>
        <ymin>13</ymin>
        <ymax>15</ymax>
        <period>30123</period>
        <soglia>0.63</soglia>
      </bndbox>
    </object>
    <object>
      <name>fragment</name>
      <bndbox>
        <xmin>1247</xmin>
        <xmax>1681</xmax>
        <ymin>0</ymin>
        <ymax>1</ymax>
        <period>2</period>
        <soglia>0.36</soglia>
      </bndbox>
    </object>
    <object>
      <name>noise</name>
      <bndbox>
        <xmin>1681</xmin>
        <xmax>2500</xmax>
        <ymin>7</ymin>
        <ymax>8</ymax>
        <period>416</period>
        <soglia>0.57</soglia>
      </bndbox>
    </object>
  </boxes>
</annotation>