<?xml version="1.0" encoding="utf-8"?>
<annotation>
  <filename>3-salti-193.csv</filename>
  <size>
    <width>2500</width>
    <height>15</height>
    <depth>1</depth>
  </size>
  <boxes>
    <object>
      <name>noise</name>
      <bndbox>
        <xmin>0</xmin>
        <xmax>440</xmax>
        <ymin>4</ymin>
        <ymax>5</ymax>
        <period>40</period>
        <soglia>0.85</soglia>
      </bndbox>
    </object>
    <object>
      <name>noise</name>
      <bndbox>
        <xmin>440</xmin>
        <xmax>845</xmax>
        <ymin>3</ymin>
        <ymax>4</ymax>
        <period>23</period>
        <soglia>0.87</soglia>
      </bndbox>
    </object>
    <object>
      <name>fragment</name>
      <bndbox>
        <xmin>845</xmin>
        <xmax>1803</xmax>
        <ymin>11</ymin>
        <ymax>12</ymax>
        <period>6746</period>
        <soglia>0.35</soglia>
      </bndbox>
    </object>
    <object>
      <name>noise</name>
      <bndbox>
        <xmin>1803</xmin>
        <xmax>2500</xmax>
        <ymin>5</ymin>
        <ymax>6</ymax>
        <period>85</period>
        <soglia>0.85</soglia>
      </bndbox>
    </object>
  </boxes>
</annotation>