<?xml version="1.0" encoding="utf-8"?>
<annotation>
  <filename>3-salti-119.csv</filename>
  <size>
    <width>2500</width>
    <height>15</height>
    <depth>1</depth>
  </size>
  <boxes>
    <object>
      <name>fragment</name>
      <bndbox>
        <xmin>0</xmin>
        <xmax>922</xmax>
        <ymin>7</ymin>
        <ymax>8</ymax>
        <period>408</period>
        <soglia>0.47</soglia>
      </bndbox>
    </object>
    <object>
      <name>fragment</name>
      <bndbox>
        <xmin>922</xmin>
        <xmax>1883</xmax>
        <ymin>5</ymin>
        <ymax>6</ymax>
        <period>93</period>
        <soglia>0.13</soglia>
      </bndbox>
    </object>
    <object>
      <name>fragment</name>
      <bndbox>
        <xmin>1883</xmin>
        <xmax>2191</xmax>
        <ymin>10</ymin>
        <ymax>11</ymax>
        <period>3485</period>
        <soglia>0.28</soglia>
      </bndbox>
    </object>
    <object>
      <name>noise</name>
      <bndbox>
        <xmin>2191</xmin>
        <xmax>2500</xmax>
        <ymin>3</ymin>
        <ymax>4</ymax>
        <period>20</period>
        <soglia>0.88</soglia>
      </bndbox>
    </object>
  </boxes>
</annotation>