<?xml version="1.0" encoding="utf-8"?>
<annotation>
  <filename>3-salti-37.csv</filename>
  <size>
    <width>2500</width>
    <height>15</height>
    <depth>1</depth>
  </size>
  <boxes>
    <object>
      <name>noise</name>
      <bndbox>
        <xmin>0</xmin>
        <xmax>1158</xmax>
        <ymin>4</ymin>
        <ymax>5</ymax>
        <period>53</period>
        <soglia>0.82</soglia>
      </bndbox>
    </object>
    <object>
      <name>noise</name>
      <bndbox>
        <xmin>1158</xmin>
        <xmax>1545</xmax>
        <ymin>6</ymin>
        <ymax>7</ymax>
        <period>188</period>
        <soglia>0.89</soglia>
      </bndbox>
    </object>
    <object>
      <name>fragment</name>
      <bndbox>
        <xmin>1545</xmin>
        <xmax>2075</xmax>
        <ymin>4</ymin>
        <ymax>5</ymax>
        <period>50</period>
        <soglia>0.24</soglia>
      </bndbox>
    </object>
    <object>
      <name>noise</name>
      <bndbox>
        <xmin>2075</xmin>
        <xmax>2500</xmax>
        <ymin>10</ymin>
        <ymax>11</ymax>
        <period>3481</period>
        <soglia>0.65</soglia>
      </bndbox>
    </object>
  </boxes>
</annotation>