<?xml version="1.0" encoding="utf-8"?>
<annotation>
  <filename>3-salti-186.csv</filename>
  <size>
    <width>2500</width>
    <height>15</height>
    <depth>1</depth>
  </size>
  <boxes>
    <object>
      <name>fragment</name>
      <bndbox>
        <xmin>0</xmin>
        <xmax>937</xmax>
        <ymin>13</ymin>
        <ymax>14</ymax>
        <period>20568</period>
        <soglia>0.37</soglia>
      </bndbox>
    </object>
    <object>
      <name>noise</name>
      <bndbox>
        <xmin>937</xmin>
        <xmax>1563</xmax>
        <ymin>6</ymin>
        <ymax>7</ymax>
        <period>132</period>
        <soglia>0.55</soglia>
      </bndbox>
    </object>
    <object>
      <name>fragment</name>
      <bndbox>
        <xmin>1563</xmin>
        <xmax>2190</xmax>
        <ymin>12</ymin>
        <ymax>13</ymax>
        <period>11244</period>
        <soglia>0.44</soglia>
      </bndbox>
    </object>
    <object>
      <name>fragment</name>
      <bndbox>
        <xmin>2190</xmin>
        <xmax>2500</xmax>
        <ymin>6</ymin>
        <ymax>7</ymax>
        <period>162</period>
        <soglia>0.21</soglia>
      </bndbox>
    </object>
  </boxes>
</annotation>