<?xml version="1.0" encoding="utf-8"?>
<annotation>
  <filename>3-salti-109.csv</filename>
  <size>
    <width>2500</width>
    <height>15</height>
    <depth>1</depth>
  </size>
  <boxes>
    <object>
      <name>noise</name>
      <bndbox>
        <xmin>0</xmin>
        <xmax>629</xmax>
        <ymin>5</ymin>
        <ymax>6</ymax>
        <period>106</period>
        <soglia>0.71</soglia>
      </bndbox>
    </object>
    <object>
      <name>noise</name>
      <bndbox>
        <xmin>629</xmin>
        <xmax>1558</xmax>
        <ymin>6</ymin>
        <ymax>7</ymax>
        <period>141</period>
        <soglia>0.53</soglia>
      </bndbox>
    </object>
    <object>
      <name>noise</name>
      <bndbox>
        <xmin>1558</xmin>
        <xmax>2037</xmax>
        <ymin>12</ymin>
        <ymax>13</ymax>
        <period>8558</period>
        <soglia>0.66</soglia>
      </bndbox>
    </object>
    <object>
      <name>fragment</name>
      <bndbox>
        <xmin>2037</xmin>
        <xmax>2500</xmax>
        <ymin>3</ymin>
        <ymax>5</ymax>
        <period>31</period>
        <soglia>0.17</soglia>
      </bndbox>
    </object>
  </boxes>
</annotation>