<?xml version="1.0" encoding="utf-8"?>
<annotation>
  <filename>3-salti-143.csv</filename>
  <size>
    <width>2500</width>
    <height>15</height>
    <depth>1</depth>
  </size>
  <boxes>
    <object>
      <name>fragment</name>
      <bndbox>
        <xmin>0</xmin>
        <xmax>971</xmax>
        <ymin>3</ymin>
        <ymax>4</ymax>
        <period>25</period>
        <soglia>0.25</soglia>
      </bndbox>
    </object>
    <object>
      <name>fragment</name>
      <bndbox>
        <xmin>971</xmin>
        <xmax>1714</xmax>
        <ymin>7</ymin>
        <ymax>8</ymax>
        <period>363</period>
        <soglia>0.38</soglia>
      </bndbox>
    </object>
    <object>
      <name>fragment</name>
      <bndbox>
        <xmin>1714</xmin>
        <xmax>2061</xmax>
        <ymin>0</ymin>
        <ymax>1</ymax>
        <period>2</period>
        <soglia>0.3</soglia>
      </bndbox>
    </object>
    <object>
      <name>noise</name>
      <bndbox>
        <xmin>2061</xmin>
        <xmax>2500</xmax>
        <ymin>3</ymin>
        <ymax>4</ymax>
        <period>17</period>
        <soglia>0.87</soglia>
      </bndbox>
    </object>
  </boxes>
</annotation>