<?xml version="1.0" encoding="utf-8"?>
<annotation>
  <filename>3-salti-67.csv</filename>
  <size>
    <width>2500</width>
    <height>15</height>
    <depth>1</depth>
  </size>
  <boxes>
    <object>
      <name>fragment</name>
      <bndbox>
        <xmin>0</xmin>
        <xmax>1580</xmax>
        <ymin>9</ymin>
        <ymax>10</ymax>
        <period>1262</period>
        <soglia>0.26</soglia>
      </bndbox>
    </object>
    <object>
      <name>noise</name>
      <bndbox>
        <xmin>1580</xmin>
        <xmax>1883</xmax>
        <ymin>1</ymin>
        <ymax>2</ymax>
        <period>6</period>
        <soglia>0.84</soglia>
      </bndbox>
    </object>
    <object>
      <name>fragment</name>
      <bndbox>
        <xmin>1883</xmin>
        <xmax>2191</xmax>
        <ymin>9</ymin>
        <ymax>10</ymax>
        <period>1165</period>
        <soglia>0.4</soglia>
      </bndbox>
    </object>
    <object>
      <name>fragment</name>
      <bndbox>
        <xmin>2191</xmin>
        <xmax>2500</xmax>
        <ymin>8</ymin>
        <ymax>10</ymax>
        <period>910</period>
        <soglia>0.29</soglia>
      </bndbox>
    </object>
  </boxes>
</annotation>