<?xml version="1.0" encoding="utf-8"?>
<annotation>
  <filename>3-salti-168.csv</filename>
  <size>
    <width>2500</width>
    <height>15</height>
    <depth>1</depth>
  </size>
  <boxes>
    <object>
      <name>noise</name>
      <bndbox>
        <xmin>0</xmin>
        <xmax>783</xmax>
        <ymin>3</ymin>
        <ymax>4</ymax>
        <period>25</period>
        <soglia>0.65</soglia>
      </bndbox>
    </object>
    <object>
      <name>noise</name>
      <bndbox>
        <xmin>783</xmin>
        <xmax>1735</xmax>
        <ymin>7</ymin>
        <ymax>8</ymax>
        <period>390</period>
        <soglia>0.52</soglia>
      </bndbox>
    </object>
    <object>
      <name>fragment</name>
      <bndbox>
        <xmin>1735</xmin>
        <xmax>2184</xmax>
        <ymin>0</ymin>
        <ymax>2</ymax>
        <period>3</period>
        <soglia>0.11</soglia>
      </bndbox>
    </object>
    <object>
      <name>fragment</name>
      <bndbox>
        <xmin>2184</xmin>
        <xmax>2500</xmax>
        <ymin>13</ymin>
        <ymax>14</ymax>
        <period>20588</period>
        <soglia>0.44</soglia>
      </bndbox>
    </object>
  </boxes>
</annotation>