<?xml version="1.0" encoding="utf-8"?>
<annotation>
  <filename>3-salti-22.csv</filename>
  <size>
    <width>2500</width>
    <height>15</height>
    <depth>1</depth>
  </size>
  <boxes>
    <object>
      <name>noise</name>
      <bndbox>
        <xmin>0</xmin>
        <xmax>601</xmax>
        <ymin>3</ymin>
        <ymax>4</ymax>
        <period>16</period>
        <soglia>0.61</soglia>
      </bndbox>
    </object>
    <object>
      <name>fragment</name>
      <bndbox>
        <xmin>601</xmin>
        <xmax>1539</xmax>
        <ymin>5</ymin>
        <ymax>6</ymax>
        <period>79</period>
        <soglia>0.26</soglia>
      </bndbox>
    </object>
    <object>
      <name>noise</name>
      <bndbox>
        <xmin>1539</xmin>
        <xmax>1844</xmax>
        <ymin>7</ymin>
        <ymax>8</ymax>
        <period>277</period>
        <soglia>0.51</soglia>
      </bndbox>
    </object>
    <object>
      <name>noise</name>
      <bndbox>
        <xmin>1844</xmin>
        <xmax>2500</xmax>
        <ymin>1</ymin>
        <ymax>3</ymax>
        <period>7</period>
        <soglia>0.65</soglia>
      </bndbox>
    </object>
  </boxes>
</annotation>