<?xml version="1.0" encoding="utf-8"?>
<annotation>
  <filename>3-salti-156.csv</filename>
  <size>
    <width>2500</width>
    <height>15</height>
    <depth>1</depth>
  </size>
  <boxes>
    <object>
      <name>fragment</name>
      <bndbox>
        <xmin>0</xmin>
        <xmax>459</xmax>
        <ymin>13</ymin>
        <ymax>14</ymax>
        <period>27608</period>
        <soglia>0.16</soglia>
      </bndbox>
    </object>
    <object>
      <name>fragment</name>
      <bndbox>
        <xmin>459</xmin>
        <xmax>1189</xmax>
        <ymin>11</ymin>
        <ymax>12</ymax>
        <period>5180</period>
        <soglia>0.44</soglia>
      </bndbox>
    </object>
    <object>
      <name>noise</name>
      <bndbox>
        <xmin>1189</xmin>
        <xmax>2016</xmax>
        <ymin>12</ymin>
        <ymax>13</ymax>
        <period>10757</period>
        <soglia>0.85</soglia>
      </bndbox>
    </object>
    <object>
      <name>noise</name>
      <bndbox>
        <xmin>2016</xmin>
        <xmax>2500</xmax>
        <ymin>13</ymin>
        <ymax>14</ymax>
        <period>19159</period>
        <soglia>0.54</soglia>
      </bndbox>
    </object>
  </boxes>
</annotation>