<?xml version="1.0" encoding="utf-8"?>
<annotation>
  <filename>3-salti-131.csv</filename>
  <size>
    <width>2500</width>
    <height>15</height>
    <depth>1</depth>
  </size>
  <boxes>
    <object>
      <name>fragment</name>
      <bndbox>
        <xmin>0</xmin>
        <xmax>1040</xmax>
        <ymin>10</ymin>
        <ymax>11</ymax>
        <period>3061</period>
        <soglia>0.46</soglia>
      </bndbox>
    </object>
    <object>
      <name>fragment</name>
      <bndbox>
        <xmin>1040</xmin>
        <xmax>1417</xmax>
        <ymin>7</ymin>
        <ymax>8</ymax>
        <period>429</period>
        <soglia>0.48</soglia>
      </bndbox>
    </object>
    <object>
      <name>fragment</name>
      <bndbox>
        <xmin>1417</xmin>
        <xmax>2088</xmax>
        <ymin>10</ymin>
        <ymax>11</ymax>
        <period>2638</period>
        <soglia>0.4</soglia>
      </bndbox>
    </object>
    <object>
      <name>noise</name>
      <bndbox>
        <xmin>2088</xmin>
        <xmax>2500</xmax>
        <ymin>1</ymin>
        <ymax>2</ymax>
        <period>5</period>
        <soglia>0.67</soglia>
      </bndbox>
    </object>
  </boxes>
</annotation>