<?xml version="1.0" encoding="utf-8"?>
<annotation>
  <filename>3-salti-75.csv</filename>
  <size>
    <width>2500</width>
    <height>15</height>
    <depth>1</depth>
  </size>
  <boxes>
    <object>
      <name>fragment</name>
      <bndbox>
        <xmin>0</xmin>
        <xmax>1509</xmax>
        <ymin>3</ymin>
        <ymax>4</ymax>
        <period>16</period>
        <soglia>0.39</soglia>
      </bndbox>
    </object>
    <object>
      <name>fragment</name>
      <bndbox>
        <xmin>1509</xmin>
        <xmax>1836</xmax>
        <ymin>2</ymin>
        <ymax>4</ymax>
        <period>15</period>
        <soglia>0.44</soglia>
      </bndbox>
    </object>
    <object>
      <name>noise</name>
      <bndbox>
        <xmin>1836</xmin>
        <xmax>2177</xmax>
        <ymin>13</ymin>
        <ymax>14</ymax>
        <period>22192</period>
        <soglia>0.62</soglia>
      </bndbox>
    </object>
    <object>
      <name>noise</name>
      <bndbox>
        <xmin>2177</xmin>
        <xmax>2500</xmax>
        <ymin>7</ymin>
        <ymax>9</ymax>
        <period>495</period>
        <soglia>0.89</soglia>
      </bndbox>
    </object>
  </boxes>
</annotation>