<?xml version="1.0" encoding="utf-8"?>
<annotation>
  <filename>3-salti-15.csv</filename>
  <size>
    <width>2500</width>
    <height>15</height>
    <depth>1</depth>
  </size>
  <boxes>
    <object>
      <name>noise</name>
      <bndbox>
        <xmin>0</xmin>
        <xmax>1499</xmax>
        <ymin>13</ymin>
        <ymax>15</ymax>
        <period>30500</period>
        <soglia>0.88</soglia>
      </bndbox>
    </object>
    <object>
      <name>noise</name>
      <bndbox>
        <xmin>1499</xmin>
        <xmax>1861</xmax>
        <ymin>8</ymin>
        <ymax>9</ymax>
        <period>767</period>
        <soglia>0.73</soglia>
      </bndbox>
    </object>
    <object>
      <name>noise</name>
      <bndbox>
        <xmin>1861</xmin>
        <xmax>2181</xmax>
        <ymin>6</ymin>
        <ymax>7</ymax>
        <period>151</period>
        <soglia>0.78</soglia>
      </bndbox>
    </object>
    <object>
      <name>fragment</name>
      <bndbox>
        <xmin>2181</xmin>
        <xmax>2500</xmax>
        <ymin>10</ymin>
        <ymax>11</ymax>
        <period>3064</period>
        <soglia>0.37</soglia>
      </bndbox>
    </object>
  </boxes>
</annotation>