<?xml version="1.0" encoding="utf-8"?>
<annotation>
  <filename>3-salti-180.csv</filename>
  <size>
    <width>2500</width>
    <height>15</height>
    <depth>1</depth>
  </size>
  <boxes>
    <object>
      <name>noise</name>
      <bndbox>
        <xmin>0</xmin>
        <xmax>400</xmax>
        <ymin>12</ymin>
        <ymax>13</ymax>
        <period>13537</period>
        <soglia>0.62</soglia>
      </bndbox>
    </object>
    <object>
      <name>fragment</name>
      <bndbox>
        <xmin>400</xmin>
        <xmax>782</xmax>
        <ymin>13</ymin>
        <ymax>14</ymax>
        <period>17096</period>
        <soglia>0.21</soglia>
      </bndbox>
    </object>
    <object>
      <name>fragment</name>
      <bndbox>
        <xmin>782</xmin>
        <xmax>1887</xmax>
        <ymin>9</ymin>
        <ymax>10</ymax>
        <period>1078</period>
        <soglia>0.37</soglia>
      </bndbox>
    </object>
    <object>
      <name>fragment</name>
      <bndbox>
        <xmin>1887</xmin>
        <xmax>2500</xmax>
        <ymin>1</ymin>
        <ymax>2</ymax>
        <period>4</period>
        <soglia>0.19</soglia>
      </bndbox>
    </object>
  </boxes>
</annotation>