<?xml version="1.0" encoding="utf-8"?>
<annotation>
  <filename>3-salti-73.csv</filename>
  <size>
    <width>2500</width>
    <height>15</height>
    <depth>1</depth>
  </size>
  <boxes>
    <object>
      <name>fragment</name>
      <bndbox>
        <xmin>0</xmin>
        <xmax>1080</xmax>
        <ymin>8</ymin>
        <ymax>9</ymax>
        <period>786</period>
        <soglia>0.11</soglia>
      </bndbox>
    </object>
    <object>
      <name>noise</name>
      <bndbox>
        <xmin>1080</xmin>
        <xmax>1435</xmax>
        <ymin>1</ymin>
        <ymax>3</ymax>
        <period>7</period>
        <soglia>0.87</soglia>
      </bndbox>
    </object>
    <object>
      <name>fragment</name>
      <bndbox>
        <xmin>1435</xmin>
        <xmax>1913</xmax>
        <ymin>12</ymin>
        <ymax>13</ymax>
        <period>9240</period>
        <soglia>0.16</soglia>
      </bndbox>
    </object>
    <object>
      <name>noise</name>
      <bndbox>
        <xmin>1913</xmin>
        <xmax>2500</xmax>
        <ymin>5</ymin>
        <ymax>6</ymax>
        <period>108</period>
        <soglia>0.54</soglia>
      </bndbox>
    </object>
  </boxes>
</annotation>