<?xml version="1.0" encoding="utf-8"?>
<annotation>
  <filename>3-salti-182.csv</filename>
  <size>
    <width>2500</width>
    <height>15</height>
    <depth>1</depth>
  </size>
  <boxes>
    <object>
      <name>fragment</name>
      <bndbox>
        <xmin>0</xmin>
        <xmax>423</xmax>
        <ymin>11</ymin>
        <ymax>12</ymax>
        <period>6647</period>
        <soglia>0.17</soglia>
      </bndbox>
    </object>
    <object>
      <name>fragment</name>
      <bndbox>
        <xmin>423</xmin>
        <xmax>1510</xmax>
        <ymin>4</ymin>
        <ymax>5</ymax>
        <period>46</period>
        <soglia>0.23</soglia>
      </bndbox>
    </object>
    <object>
      <name>noise</name>
      <bndbox>
        <xmin>1510</xmin>
        <xmax>2093</xmax>
        <ymin>3</ymin>
        <ymax>4</ymax>
        <period>21</period>
        <soglia>0.85</soglia>
      </bndbox>
    </object>
    <object>
      <name>fragment</name>
      <bndbox>
        <xmin>2093</xmin>
        <xmax>2500</xmax>
        <ymin>6</ymin>
        <ymax>7</ymax>
        <period>181</period>
        <soglia>0.14</soglia>
      </bndbox>
    </object>
  </boxes>
</annotation>