<?xml version="1.0" encoding="utf-8"?>
<annotation>
  <filename>3-salti-72.csv</filename>
  <size>
    <width>2500</width>
    <height>15</height>
    <depth>1</depth>
  </size>
  <boxes>
    <object>
      <name>noise</name>
      <bndbox>
        <xmin>0</xmin>
        <xmax>1159</xmax>
        <ymin>5</ymin>
        <ymax>7</ymax>
        <period>123</period>
        <soglia>0.77</soglia>
      </bndbox>
    </object>
    <object>
      <name>fragment</name>
      <bndbox>
        <xmin>1159</xmin>
        <xmax>1553</xmax>
        <ymin>4</ymin>
        <ymax>5</ymax>
        <period>55</period>
        <soglia>0.32</soglia>
      </bndbox>
    </object>
    <object>
      <name>fragment</name>
      <bndbox>
        <xmin>1553</xmin>
        <xmax>2067</xmax>
        <ymin>8</ymin>
        <ymax>9</ymax>
        <period>609</period>
        <soglia>0.41</soglia>
      </bndbox>
    </object>
    <object>
      <name>fragment</name>
      <bndbox>
        <xmin>2067</xmin>
        <xmax>2500</xmax>
        <ymin>5</ymin>
        <ymax>6</ymax>
        <period>104</period>
        <soglia>0.35</soglia>
      </bndbox>
    </object>
  </boxes>
</annotation>