<?xml version="1.0" encoding="utf-8"?>
<annotation>
  <filename>3-salti-16.csv</filename>
  <size>
    <width>2500</width>
    <height>15</height>
    <depth>1</depth>
  </size>
  <boxes>
    <object>
      <name>noise</name>
      <bndbox>
        <xmin>0</xmin>
        <xmax>318</xmax>
        <ymin>10</ymin>
        <ymax>11</ymax>
        <period>2643</period>
        <soglia>0.73</soglia>
      </bndbox>
    </object>
    <object>
      <name>noise</name>
      <bndbox>
        <xmin>318</xmin>
        <xmax>1370</xmax>
        <ymin>11</ymin>
        <ymax>12</ymax>
        <period>5652</period>
        <soglia>0.6</soglia>
      </bndbox>
    </object>
    <object>
      <name>fragment</name>
      <bndbox>
        <xmin>1370</xmin>
        <xmax>1799</xmax>
        <ymin>10</ymin>
        <ymax>12</ymax>
        <period>3969</period>
        <soglia>0.3</soglia>
      </bndbox>
    </object>
    <object>
      <name>noise</name>
      <bndbox>
        <xmin>1799</xmin>
        <xmax>2500</xmax>
        <ymin>4</ymin>
        <ymax>5</ymax>
        <period>44</period>
        <soglia>0.68</soglia>
      </bndbox>
    </object>
  </boxes>
</annotation>