<?xml version="1.0" encoding="utf-8"?>
<annotation>
  <filename>3-salti-151.csv</filename>
  <size>
    <width>2500</width>
    <height>15</height>
    <depth>1</depth>
  </size>
  <boxes>
    <object>
      <name>fragment</name>
      <bndbox>
        <xmin>0</xmin>
        <xmax>956</xmax>
        <ymin>6</ymin>
        <ymax>8</ymax>
        <period>242</period>
        <soglia>0.32</soglia>
      </bndbox>
    </object>
    <object>
      <name>fragment</name>
      <bndbox>
        <xmin>956</xmin>
        <xmax>1293</xmax>
        <ymin>0</ymin>
        <ymax>1</ymax>
        <period>2</period>
        <soglia>0.34</soglia>
      </bndbox>
    </object>
    <object>
      <name>noise</name>
      <bndbox>
        <xmin>1293</xmin>
        <xmax>2047</xmax>
        <ymin>2</ymin>
        <ymax>4</ymax>
        <period>14</period>
        <soglia>0.57</soglia>
      </bndbox>
    </object>
    <object>
      <name>fragment</name>
      <bndbox>
        <xmin>2047</xmin>
        <xmax>2500</xmax>
        <ymin>8</ymin>
        <ymax>9</ymax>
        <period>652</period>
        <soglia>0.25</soglia>
      </bndbox>
    </object>
  </boxes>
</annotation>