<?xml version="1.0" encoding="utf-8"?>
<annotation>
  <filename>3-salti-169.csv</filename>
  <size>
    <width>2500</width>
    <height>15</height>
    <depth>1</depth>
  </size>
  <boxes>
    <object>
      <name>fragment</name>
      <bndbox>
        <xmin>0</xmin>
        <xmax>566</xmax>
        <ymin>10</ymin>
        <ymax>11</ymax>
        <period>3494</period>
        <soglia>0.12</soglia>
      </bndbox>
    </object>
    <object>
      <name>noise</name>
      <bndbox>
        <xmin>566</xmin>
        <xmax>1004</xmax>
        <ymin>1</ymin>
        <ymax>2</ymax>
        <period>4</period>
        <soglia>0.6</soglia>
      </bndbox>
    </object>
    <object>
      <name>noise</name>
      <bndbox>
        <xmin>1004</xmin>
        <xmax>1969</xmax>
        <ymin>11</ymin>
        <ymax>12</ymax>
        <period>6507</period>
        <soglia>0.68</soglia>
      </bndbox>
    </object>
    <object>
      <name>noise</name>
      <bndbox>
        <xmin>1969</xmin>
        <xmax>2500</xmax>
        <ymin>8</ymin>
        <ymax>10</ymax>
        <period>910</period>
        <soglia>0.77</soglia>
      </bndbox>
    </object>
  </boxes>
</annotation>