<?xml version="1.0" encoding="utf-8"?>
<annotation>
  <filename>3-salti-194.csv</filename>
  <size>
    <width>2500</width>
    <height>15</height>
    <depth>1</depth>
  </size>
  <boxes>
    <object>
      <name>fragment</name>
      <bndbox>
        <xmin>0</xmin>
        <xmax>1040</xmax>
        <ymin>2</ymin>
        <ymax>3</ymax>
        <period>13</period>
        <soglia>0.23</soglia>
      </bndbox>
    </object>
    <object>
      <name>noise</name>
      <bndbox>
        <xmin>1040</xmin>
        <xmax>1565</xmax>
        <ymin>6</ymin>
        <ymax>8</ymax>
        <period>252</period>
        <soglia>0.65</soglia>
      </bndbox>
    </object>
    <object>
      <name>fragment</name>
      <bndbox>
        <xmin>1565</xmin>
        <xmax>2076</xmax>
        <ymin>12</ymin>
        <ymax>13</ymax>
        <period>12205</period>
        <soglia>0.42</soglia>
      </bndbox>
    </object>
    <object>
      <name>fragment</name>
      <bndbox>
        <xmin>2076</xmin>
        <xmax>2500</xmax>
        <ymin>11</ymin>
        <ymax>12</ymax>
        <period>5407</period>
        <soglia>0.21</soglia>
      </bndbox>
    </object>
  </boxes>
</annotation>