<?xml version="1.0" encoding="utf-8"?>
<annotation>
  <filename>3-salti-48.csv</filename>
  <size>
    <width>2500</width>
    <height>15</height>
    <depth>1</depth>
  </size>
  <boxes>
    <object>
      <name>noise</name>
      <bndbox>
        <xmin>0</xmin>
        <xmax>1137</xmax>
        <ymin>1</ymin>
        <ymax>2</ymax>
        <period>5</period>
        <soglia>0.64</soglia>
      </bndbox>
    </object>
    <object>
      <name>fragment</name>
      <bndbox>
        <xmin>1137</xmin>
        <xmax>1526</xmax>
        <ymin>8</ymin>
        <ymax>9</ymax>
        <period>560</period>
        <soglia>0.33</soglia>
      </bndbox>
    </object>
    <object>
      <name>noise</name>
      <bndbox>
        <xmin>1526</xmin>
        <xmax>1965</xmax>
        <ymin>4</ymin>
        <ymax>5</ymax>
        <period>46</period>
        <soglia>0.69</soglia>
      </bndbox>
    </object>
    <object>
      <name>noise</name>
      <bndbox>
        <xmin>1965</xmin>
        <xmax>2500</xmax>
        <ymin>13</ymin>
        <ymax>14</ymax>
        <period>21120</period>
        <soglia>0.72</soglia>
      </bndbox>
    </object>
  </boxes>
</annotation>