<?xml version="1.0" encoding="utf-8"?>
<annotation>
  <filename>3-salti-118.csv</filename>
  <size>
    <width>2500</width>
    <height>15</height>
    <depth>1</depth>
  </size>
  <boxes>
    <object>
      <name>noise</name>
      <bndbox>
        <xmin>0</xmin>
        <xmax>505</xmax>
        <ymin>6</ymin>
        <ymax>7</ymax>
        <period>205</period>
        <soglia>0.81</soglia>
      </bndbox>
    </object>
    <object>
      <name>noise</name>
      <bndbox>
        <xmin>505</xmin>
        <xmax>919</xmax>
        <ymin>0</ymin>
        <ymax>2</ymax>
        <period>3</period>
        <soglia>0.75</soglia>
      </bndbox>
    </object>
    <object>
      <name>fragment</name>
      <bndbox>
        <xmin>919</xmin>
        <xmax>1311</xmax>
        <ymin>2</ymin>
        <ymax>3</ymax>
        <period>13</period>
        <soglia>0.13</soglia>
      </bndbox>
    </object>
    <object>
      <name>fragment</name>
      <bndbox>
        <xmin>1311</xmin>
        <xmax>2500</xmax>
        <ymin>8</ymin>
        <ymax>9</ymax>
        <period>809</period>
        <soglia>0.4</soglia>
      </bndbox>
    </object>
  </boxes>
</annotation>