<?xml version="1.0" encoding="utf-8"?>
<annotation>
  <filename>3-salti-59.csv</filename>
  <size>
    <width>2500</width>
    <height>15</height>
    <depth>1</depth>
  </size>
  <boxes>
    <object>
      <name>fragment</name>
      <bndbox>
        <xmin>0</xmin>
        <xmax>657</xmax>
        <ymin>12</ymin>
        <ymax>13</ymax>
        <period>11274</period>
        <soglia>0.3</soglia>
      </bndbox>
    </object>
    <object>
      <name>fragment</name>
      <bndbox>
        <xmin>657</xmin>
        <xmax>1025</xmax>
        <ymin>6</ymin>
        <ymax>7</ymax>
        <period>212</period>
        <soglia>0.2</soglia>
      </bndbox>
    </object>
    <object>
      <name>noise</name>
      <bndbox>
        <xmin>1025</xmin>
        <xmax>1999</xmax>
        <ymin>8</ymin>
        <ymax>9</ymax>
        <period>644</period>
        <soglia>0.63</soglia>
      </bndbox>
    </object>
    <object>
      <name>fragment</name>
      <bndbox>
        <xmin>1999</xmin>
        <xmax>2500</xmax>
        <ymin>12</ymin>
        <ymax>13</ymax>
        <period>13163</period>
        <soglia>0.48</soglia>
      </bndbox>
    </object>
  </boxes>
</annotation>