<?xml version="1.0" encoding="utf-8"?>
<annotation>
  <filename>3-salti-23.csv</filename>
  <size>
    <width>2500</width>
    <height>15</height>
    <depth>1</depth>
  </size>
  <boxes>
    <object>
      <name>fragment</name>
      <bndbox>
        <xmin>0</xmin>
        <xmax>403</xmax>
        <ymin>10</ymin>
        <ymax>11</ymax>
        <period>3116</period>
        <soglia>0.49</soglia>
      </bndbox>
    </object>
    <object>
      <name>fragment</name>
      <bndbox>
        <xmin>403</xmin>
        <xmax>1086</xmax>
        <ymin>1</ymin>
        <ymax>2</ymax>
        <period>6</period>
        <soglia>0.28</soglia>
      </bndbox>
    </object>
    <object>
      <name>fragment</name>
      <bndbox>
        <xmin>1086</xmin>
        <xmax>1579</xmax>
        <ymin>13</ymin>
        <ymax>14</ymax>
        <period>18886</period>
        <soglia>0.42</soglia>
      </bndbox>
    </object>
    <object>
      <name>noise</name>
      <bndbox>
        <xmin>1579</xmin>
        <xmax>2500</xmax>
        <ymin>8</ymin>
        <ymax>9</ymax>
        <period>846</period>
        <soglia>0.59</soglia>
      </bndbox>
    </object>
  </boxes>
</annotation>