<?xml version="1.0" encoding="utf-8"?>
<annotation>
  <filename>3-salti-181.csv</filename>
  <size>
    <width>2500</width>
    <height>15</height>
    <depth>1</depth>
  </size>
  <boxes>
    <object>
      <name>fragment</name>
      <bndbox>
        <xmin>0</xmin>
        <xmax>1505</xmax>
        <ymin>9</ymin>
        <ymax>10</ymax>
        <period>1625</period>
        <soglia>0.14</soglia>
      </bndbox>
    </object>
    <object>
      <name>fragment</name>
      <bndbox>
        <xmin>1505</xmin>
        <xmax>1807</xmax>
        <ymin>7</ymin>
        <ymax>8</ymax>
        <period>274</period>
        <soglia>0.35</soglia>
      </bndbox>
    </object>
    <object>
      <name>fragment</name>
      <bndbox>
        <xmin>1807</xmin>
        <xmax>2178</xmax>
        <ymin>6</ymin>
        <ymax>7</ymax>
        <period>135</period>
        <soglia>0.5</soglia>
      </bndbox>
    </object>
    <object>
      <name>noise</name>
      <bndbox>
        <xmin>2178</xmin>
        <xmax>2500</xmax>
        <ymin>2</ymin>
        <ymax>3</ymax>
        <period>8</period>
        <soglia>0.56</soglia>
      </bndbox>
    </object>
  </boxes>
</annotation>