<?xml version="1.0" encoding="utf-8"?>
<annotation>
  <filename>3-salti-155.csv</filename>
  <size>
    <width>2500</width>
    <height>15</height>
    <depth>1</depth>
  </size>
  <boxes>
    <object>
      <name>fragment</name>
      <bndbox>
        <xmin>0</xmin>
        <xmax>1021</xmax>
        <ymin>5</ymin>
        <ymax>6</ymax>
        <period>89</period>
        <soglia>0.42</soglia>
      </bndbox>
    </object>
    <object>
      <name>noise</name>
      <bndbox>
        <xmin>1021</xmin>
        <xmax>1590</xmax>
        <ymin>9</ymin>
        <ymax>10</ymax>
        <period>1152</period>
        <soglia>0.54</soglia>
      </bndbox>
    </object>
    <object>
      <name>noise</name>
      <bndbox>
        <xmin>1590</xmin>
        <xmax>2042</xmax>
        <ymin>5</ymin>
        <ymax>7</ymax>
        <period>113</period>
        <soglia>0.51</soglia>
      </bndbox>
    </object>
    <object>
      <name>noise</name>
      <bndbox>
        <xmin>2042</xmin>
        <xmax>2500</xmax>
        <ymin>2</ymin>
        <ymax>3</ymax>
        <period>13</period>
        <soglia>0.61</soglia>
      </bndbox>
    </object>
  </boxes>
</annotation>