<?xml version="1.0" encoding="utf-8"?>
<annotation>
  <filename>3-salti-126.csv</filename>
  <size>
    <width>2500</width>
    <height>15</height>
    <depth>1</depth>
  </size>
  <boxes>
    <object>
      <name>noise</name>
      <bndbox>
        <xmin>0</xmin>
        <xmax>1597</xmax>
        <ymin>0</ymin>
        <ymax>2</ymax>
        <period>3</period>
        <soglia>0.88</soglia>
      </bndbox>
    </object>
    <object>
      <name>fragment</name>
      <bndbox>
        <xmin>1597</xmin>
        <xmax>1899</xmax>
        <ymin>0</ymin>
        <ymax>1</ymax>
        <period>2</period>
        <soglia>0.49</soglia>
      </bndbox>
    </object>
    <object>
      <name>fragment</name>
      <bndbox>
        <xmin>1899</xmin>
        <xmax>2199</xmax>
        <ymin>7</ymin>
        <ymax>9</ymax>
        <period>473</period>
        <soglia>0.11</soglia>
      </bndbox>
    </object>
    <object>
      <name>noise</name>
      <bndbox>
        <xmin>2199</xmin>
        <xmax>2500</xmax>
        <ymin>10</ymin>
        <ymax>12</ymax>
        <period>3953</period>
        <soglia>0.7</soglia>
      </bndbox>
    </object>
  </boxes>
</annotation>