<?xml version="1.0" encoding="utf-8"?>
<annotation>
  <filename>3-salti-89.csv</filename>
  <size>
    <width>2500</width>
    <height>15</height>
    <depth>1</depth>
  </size>
  <boxes>
    <object>
      <name>fragment</name>
      <bndbox>
        <xmin>0</xmin>
        <xmax>413</xmax>
        <ymin>1</ymin>
        <ymax>2</ymax>
        <period>6</period>
        <soglia>0.25</soglia>
      </bndbox>
    </object>
    <object>
      <name>noise</name>
      <bndbox>
        <xmin>413</xmin>
        <xmax>937</xmax>
        <ymin>8</ymin>
        <ymax>10</ymax>
        <period>1017</period>
        <soglia>0.72</soglia>
      </bndbox>
    </object>
    <object>
      <name>fragment</name>
      <bndbox>
        <xmin>937</xmin>
        <xmax>1778</xmax>
        <ymin>12</ymin>
        <ymax>13</ymax>
        <period>12041</period>
        <soglia>0.18</soglia>
      </bndbox>
    </object>
    <object>
      <name>fragment</name>
      <bndbox>
        <xmin>1778</xmin>
        <xmax>2500</xmax>
        <ymin>7</ymin>
        <ymax>8</ymax>
        <period>386</period>
        <soglia>0.4</soglia>
      </bndbox>
    </object>
  </boxes>
</annotation>