<?xml version="1.0" encoding="utf-8"?>
<annotation>
  <filename>3-salti-122.csv</filename>
  <size>
    <width>2500</width>
    <height>15</height>
    <depth>1</depth>
  </size>
  <boxes>
    <object>
      <name>noise</name>
      <bndbox>
        <xmin>0</xmin>
        <xmax>352</xmax>
        <ymin>8</ymin>
        <ymax>9</ymax>
        <period>617</period>
        <soglia>0.78</soglia>
      </bndbox>
    </object>
    <object>
      <name>noise</name>
      <bndbox>
        <xmin>352</xmin>
        <xmax>1582</xmax>
        <ymin>0</ymin>
        <ymax>1</ymax>
        <period>2</period>
        <soglia>0.51</soglia>
      </bndbox>
    </object>
    <object>
      <name>fragment</name>
      <bndbox>
        <xmin>1582</xmin>
        <xmax>2004</xmax>
        <ymin>13</ymin>
        <ymax>14</ymax>
        <period>27232</period>
        <soglia>0.28</soglia>
      </bndbox>
    </object>
    <object>
      <name>fragment</name>
      <bndbox>
        <xmin>2004</xmin>
        <xmax>2500</xmax>
        <ymin>6</ymin>
        <ymax>7</ymax>
        <period>157</period>
        <soglia>0.12</soglia>
      </bndbox>
    </object>
  </boxes>
</annotation>