<?xml version="1.0" encoding="utf-8"?>
<annotation>
  <filename>3-salti-125.csv</filename>
  <size>
    <width>2500</width>
    <height>15</height>
    <depth>1</depth>
  </size>
  <boxes>
    <object>
      <name>noise</name>
      <bndbox>
        <xmin>0</xmin>
        <xmax>447</xmax>
        <ymin>9</ymin>
        <ymax>10</ymax>
        <period>1206</period>
        <soglia>0.54</soglia>
      </bndbox>
    </object>
    <object>
      <name>noise</name>
      <bndbox>
        <xmin>447</xmin>
        <xmax>1742</xmax>
        <ymin>8</ymin>
        <ymax>9</ymax>
        <period>882</period>
        <soglia>0.51</soglia>
      </bndbox>
    </object>
    <object>
      <name>fragment</name>
      <bndbox>
        <xmin>1742</xmin>
        <xmax>2104</xmax>
        <ymin>3</ymin>
        <ymax>5</ymax>
        <period>30</period>
        <soglia>0.42</soglia>
      </bndbox>
    </object>
    <object>
      <name>fragment</name>
      <bndbox>
        <xmin>2104</xmin>
        <xmax>2500</xmax>
        <ymin>11</ymin>
        <ymax>12</ymax>
        <period>6005</period>
        <soglia>0.49</soglia>
      </bndbox>
    </object>
  </boxes>
</annotation>