<?xml version="1.0" encoding="utf-8"?>
<annotation>
  <filename>3-salti-192.csv</filename>
  <size>
    <width>2500</width>
    <height>15</height>
    <depth>1</depth>
  </size>
  <boxes>
    <object>
      <name>fragment</name>
      <bndbox>
        <xmin>0</xmin>
        <xmax>1121</xmax>
        <ymin>1</ymin>
        <ymax>2</ymax>
        <period>4</period>
        <soglia>0.15</soglia>
      </bndbox>
    </object>
    <object>
      <name>fragment</name>
      <bndbox>
        <xmin>1121</xmin>
        <xmax>1538</xmax>
        <ymin>7</ymin>
        <ymax>8</ymax>
        <period>360</period>
        <soglia>0.36</soglia>
      </bndbox>
    </object>
    <object>
      <name>fragment</name>
      <bndbox>
        <xmin>1538</xmin>
        <xmax>2140</xmax>
        <ymin>1</ymin>
        <ymax>2</ymax>
        <period>5</period>
        <soglia>0.47</soglia>
      </bndbox>
    </object>
    <object>
      <name>noise</name>
      <bndbox>
        <xmin>2140</xmin>
        <xmax>2500</xmax>
        <ymin>4</ymin>
        <ymax>5</ymax>
        <period>46</period>
        <soglia>0.61</soglia>
      </bndbox>
    </object>
  </boxes>
</annotation>