<?xml version="1.0" encoding="utf-8"?>
<annotation>
  <filename>3-salti-5.csv</filename>
  <size>
    <width>2500</width>
    <height>15</height>
    <depth>1</depth>
  </size>
  <boxes>
    <object>
      <name>noise</name>
      <bndbox>
        <xmin>0</xmin>
        <xmax>1460</xmax>
        <ymin>6</ymin>
        <ymax>7</ymax>
        <period>150</period>
        <soglia>0.7</soglia>
      </bndbox>
    </object>
    <object>
      <name>fragment</name>
      <bndbox>
        <xmin>1460</xmin>
        <xmax>1778</xmax>
        <ymin>7</ymin>
        <ymax>9</ymax>
        <period>476</period>
        <soglia>0.29</soglia>
      </bndbox>
    </object>
    <object>
      <name>fragment</name>
      <bndbox>
        <xmin>1778</xmin>
        <xmax>2130</xmax>
        <ymin>9</ymin>
        <ymax>10</ymax>
        <period>1328</period>
        <soglia>0.36</soglia>
      </bndbox>
    </object>
    <object>
      <name>fragment</name>
      <bndbox>
        <xmin>2130</xmin>
        <xmax>2500</xmax>
        <ymin>12</ymin>
        <ymax>13</ymax>
        <period>9819</period>
        <soglia>0.38</soglia>
      </bndbox>
    </object>
  </boxes>
</annotation>