<?xml version="1.0" encoding="utf-8"?>
<annotation>
  <filename>3-salti-64.csv</filename>
  <size>
    <width>2500</width>
    <height>15</height>
    <depth>1</depth>
  </size>
  <boxes>
    <object>
      <name>fragment</name>
      <bndbox>
        <xmin>0</xmin>
        <xmax>1170</xmax>
        <ymin>6</ymin>
        <ymax>8</ymax>
        <period>240</period>
        <soglia>0.17</soglia>
      </bndbox>
    </object>
    <object>
      <name>fragment</name>
      <bndbox>
        <xmin>1170</xmin>
        <xmax>1479</xmax>
        <ymin>1</ymin>
        <ymax>2</ymax>
        <period>4</period>
        <soglia>0.4</soglia>
      </bndbox>
    </object>
    <object>
      <name>fragment</name>
      <bndbox>
        <xmin>1479</xmin>
        <xmax>1875</xmax>
        <ymin>7</ymin>
        <ymax>8</ymax>
        <period>364</period>
        <soglia>0.19</soglia>
      </bndbox>
    </object>
    <object>
      <name>noise</name>
      <bndbox>
        <xmin>1875</xmin>
        <xmax>2500</xmax>
        <ymin>1</ymin>
        <ymax>2</ymax>
        <period>4</period>
        <soglia>0.54</soglia>
      </bndbox>
    </object>
  </boxes>
</annotation>