<?xml version="1.0" encoding="utf-8"?>
<annotation>
  <filename>3-salti-71.csv</filename>
  <size>
    <width>2500</width>
    <height>15</height>
    <depth>1</depth>
  </size>
  <boxes>
    <object>
      <name>noise</name>
      <bndbox>
        <xmin>0</xmin>
        <xmax>948</xmax>
        <ymin>12</ymin>
        <ymax>13</ymax>
        <period>11053</period>
        <soglia>0.7</soglia>
      </bndbox>
    </object>
    <object>
      <name>noise</name>
      <bndbox>
        <xmin>948</xmin>
        <xmax>1281</xmax>
        <ymin>5</ymin>
        <ymax>7</ymax>
        <period>113</period>
        <soglia>0.64</soglia>
      </bndbox>
    </object>
    <object>
      <name>fragment</name>
      <bndbox>
        <xmin>1281</xmin>
        <xmax>2125</xmax>
        <ymin>3</ymin>
        <ymax>4</ymax>
        <period>22</period>
        <soglia>0.44</soglia>
      </bndbox>
    </object>
    <object>
      <name>noise</name>
      <bndbox>
        <xmin>2125</xmin>
        <xmax>2500</xmax>
        <ymin>2</ymin>
        <ymax>3</ymax>
        <period>10</period>
        <soglia>0.72</soglia>
      </bndbox>
    </object>
  </boxes>
</annotation>