<?xml version="1.0" encoding="utf-8"?>
<annotation>
  <filename>3-salti-130.csv</filename>
  <size>
    <width>2500</width>
    <height>15</height>
    <depth>1</depth>
  </size>
  <boxes>
    <object>
      <name>fragment</name>
      <bndbox>
        <xmin>0</xmin>
        <xmax>1588</xmax>
        <ymin>10</ymin>
        <ymax>11</ymax>
        <period>2908</period>
        <soglia>0.2</soglia>
      </bndbox>
    </object>
    <object>
      <name>fragment</name>
      <bndbox>
        <xmin>1588</xmin>
        <xmax>1899</xmax>
        <ymin>5</ymin>
        <ymax>6</ymax>
        <period>91</period>
        <soglia>0.31</soglia>
      </bndbox>
    </object>
    <object>
      <name>fragment</name>
      <bndbox>
        <xmin>1899</xmin>
        <xmax>2199</xmax>
        <ymin>3</ymin>
        <ymax>5</ymax>
        <period>29</period>
        <soglia>0.5</soglia>
      </bndbox>
    </object>
    <object>
      <name>noise</name>
      <bndbox>
        <xmin>2199</xmin>
        <xmax>2500</xmax>
        <ymin>0</ymin>
        <ymax>1</ymax>
        <period>2</period>
        <soglia>0.86</soglia>
      </bndbox>
    </object>
  </boxes>
</annotation>