<?xml version="1.0" encoding="utf-8"?>
<annotation>
  <filename>3-salti-99.csv</filename>
  <size>
    <width>2500</width>
    <height>15</height>
    <depth>1</depth>
  </size>
  <boxes>
    <object>
      <name>noise</name>
      <bndbox>
        <xmin>0</xmin>
        <xmax>355</xmax>
        <ymin>7</ymin>
        <ymax>8</ymax>
        <period>280</period>
        <soglia>0.72</soglia>
      </bndbox>
    </object>
    <object>
      <name>noise</name>
      <bndbox>
        <xmin>355</xmin>
        <xmax>1294</xmax>
        <ymin>6</ymin>
        <ymax>7</ymax>
        <period>186</period>
        <soglia>0.83</soglia>
      </bndbox>
    </object>
    <object>
      <name>noise</name>
      <bndbox>
        <xmin>1294</xmin>
        <xmax>2037</xmax>
        <ymin>12</ymin>
        <ymax>14</ymax>
        <period>15815</period>
        <soglia>0.67</soglia>
      </bndbox>
    </object>
    <object>
      <name>fragment</name>
      <bndbox>
        <xmin>2037</xmin>
        <xmax>2500</xmax>
        <ymin>0</ymin>
        <ymax>1</ymax>
        <period>2</period>
        <soglia>0.24</soglia>
      </bndbox>
    </object>
  </boxes>
</annotation>