<?xml version="1.0" encoding="utf-8"?>
<annotation>
  <filename>3-salti-77.csv</filename>
  <size>
    <width>2500</width>
    <height>15</height>
    <depth>1</depth>
  </size>
  <boxes>
    <object>
      <name>noise</name>
      <bndbox>
        <xmin>0</xmin>
        <xmax>1461</xmax>
        <ymin>3</ymin>
        <ymax>4</ymax>
        <period>16</period>
        <soglia>0.71</soglia>
      </bndbox>
    </object>
    <object>
      <name>fragment</name>
      <bndbox>
        <xmin>1461</xmin>
        <xmax>1834</xmax>
        <ymin>6</ymin>
        <ymax>8</ymax>
        <period>254</period>
        <soglia>0.38</soglia>
      </bndbox>
    </object>
    <object>
      <name>fragment</name>
      <bndbox>
        <xmin>1834</xmin>
        <xmax>2148</xmax>
        <ymin>5</ymin>
        <ymax>6</ymax>
        <period>101</period>
        <soglia>0.14</soglia>
      </bndbox>
    </object>
    <object>
      <name>noise</name>
      <bndbox>
        <xmin>2148</xmin>
        <xmax>2500</xmax>
        <ymin>13</ymin>
        <ymax>15</ymax>
        <period>32008</period>
        <soglia>0.78</soglia>
      </bndbox>
    </object>
  </boxes>
</annotation>