<?xml version="1.0" encoding="utf-8"?>
<annotation>
  <filename>3-salti-191.csv</filename>
  <size>
    <width>2500</width>
    <height>15</height>
    <depth>1</depth>
  </size>
  <boxes>
    <object>
      <name>noise</name>
      <bndbox>
        <xmin>0</xmin>
        <xmax>1503</xmax>
        <ymin>13</ymin>
        <ymax>14</ymax>
        <period>16659</period>
        <soglia>0.8</soglia>
      </bndbox>
    </object>
    <object>
      <name>noise</name>
      <bndbox>
        <xmin>1503</xmin>
        <xmax>1884</xmax>
        <ymin>8</ymin>
        <ymax>9</ymax>
        <period>570</period>
        <soglia>0.65</soglia>
      </bndbox>
    </object>
    <object>
      <name>fragment</name>
      <bndbox>
        <xmin>1884</xmin>
        <xmax>2190</xmax>
        <ymin>13</ymin>
        <ymax>14</ymax>
        <period>17112</period>
        <soglia>0.46</soglia>
      </bndbox>
    </object>
    <object>
      <name>fragment</name>
      <bndbox>
        <xmin>2190</xmin>
        <xmax>2500</xmax>
        <ymin>5</ymin>
        <ymax>6</ymax>
        <period>107</period>
        <soglia>0.4</soglia>
      </bndbox>
    </object>
  </boxes>
</annotation>