<?xml version="1.0" encoding="utf-8"?>
<annotation>
  <filename>3-salti-123.csv</filename>
  <size>
    <width>2500</width>
    <height>15</height>
    <depth>1</depth>
  </size>
  <boxes>
    <object>
      <name>noise</name>
      <bndbox>
        <xmin>0</xmin>
        <xmax>675</xmax>
        <ymin>5</ymin>
        <ymax>6</ymax>
        <period>93</period>
        <soglia>0.52</soglia>
      </bndbox>
    </object>
    <object>
      <name>fragment</name>
      <bndbox>
        <xmin>675</xmin>
        <xmax>1185</xmax>
        <ymin>8</ymin>
        <ymax>9</ymax>
        <period>681</period>
        <soglia>0.19</soglia>
      </bndbox>
    </object>
    <object>
      <name>noise</name>
      <bndbox>
        <xmin>1185</xmin>
        <xmax>1821</xmax>
        <ymin>13</ymin>
        <ymax>14</ymax>
        <period>25935</period>
        <soglia>0.57</soglia>
      </bndbox>
    </object>
    <object>
      <name>noise</name>
      <bndbox>
        <xmin>1821</xmin>
        <xmax>2500</xmax>
        <ymin>9</ymin>
        <ymax>11</ymax>
        <period>1916</period>
        <soglia>0.7</soglia>
      </bndbox>
    </object>
  </boxes>
</annotation>