<?xml version="1.0" encoding="utf-8"?>
<annotation>
  <filename>3-salti-11.csv</filename>
  <size>
    <width>2500</width>
    <height>15</height>
    <depth>1</depth>
  </size>
  <boxes>
    <object>
      <name>fragment</name>
      <bndbox>
        <xmin>0</xmin>
        <xmax>1093</xmax>
        <ymin>5</ymin>
        <ymax>6</ymax>
        <period>92</period>
        <soglia>0.13</soglia>
      </bndbox>
    </object>
    <object>
      <name>fragment</name>
      <bndbox>
        <xmin>1093</xmin>
        <xmax>1494</xmax>
        <ymin>7</ymin>
        <ymax>9</ymax>
        <period>498</period>
        <soglia>0.42</soglia>
      </bndbox>
    </object>
    <object>
      <name>noise</name>
      <bndbox>
        <xmin>1494</xmin>
        <xmax>1959</xmax>
        <ymin>0</ymin>
        <ymax>1</ymax>
        <period>2</period>
        <soglia>0.56</soglia>
      </bndbox>
    </object>
    <object>
      <name>fragment</name>
      <bndbox>
        <xmin>1959</xmin>
        <xmax>2500</xmax>
        <ymin>12</ymin>
        <ymax>13</ymax>
        <period>11416</period>
        <soglia>0.31</soglia>
      </bndbox>
    </object>
  </boxes>
</annotation>