<?xml version="1.0" encoding="utf-8"?>
<annotation>
  <filename>3-salti-108.csv</filename>
  <size>
    <width>2500</width>
    <height>15</height>
    <depth>1</depth>
  </size>
  <boxes>
    <object>
      <name>noise</name>
      <bndbox>
        <xmin>0</xmin>
        <xmax>1106</xmax>
        <ymin>5</ymin>
        <ymax>7</ymax>
        <period>114</period>
        <soglia>0.64</soglia>
      </bndbox>
    </object>
    <object>
      <name>fragment</name>
      <bndbox>
        <xmin>1106</xmin>
        <xmax>1609</xmax>
        <ymin>8</ymin>
        <ymax>10</ymax>
        <period>953</period>
        <soglia>0.21</soglia>
      </bndbox>
    </object>
    <object>
      <name>fragment</name>
      <bndbox>
        <xmin>1609</xmin>
        <xmax>2087</xmax>
        <ymin>13</ymin>
        <ymax>15</ymax>
        <period>30141</period>
        <soglia>0.38</soglia>
      </bndbox>
    </object>
    <object>
      <name>fragment</name>
      <bndbox>
        <xmin>2087</xmin>
        <xmax>2500</xmax>
        <ymin>11</ymin>
        <ymax>12</ymax>
        <period>4242</period>
        <soglia>0.22</soglia>
      </bndbox>
    </object>
  </boxes>
</annotation>