<?xml version="1.0" encoding="utf-8"?>
<annotation>
  <filename>3-salti-28.csv</filename>
  <size>
    <width>2500</width>
    <height>15</height>
    <depth>1</depth>
  </size>
  <boxes>
    <object>
      <name>fragment</name>
      <bndbox>
        <xmin>0</xmin>
        <xmax>1043</xmax>
        <ymin>6</ymin>
        <ymax>8</ymax>
        <period>234</period>
        <soglia>0.42</soglia>
      </bndbox>
    </object>
    <object>
      <name>noise</name>
      <bndbox>
        <xmin>1043</xmin>
        <xmax>1732</xmax>
        <ymin>13</ymin>
        <ymax>14</ymax>
        <period>28536</period>
        <soglia>0.61</soglia>
      </bndbox>
    </object>
    <object>
      <name>noise</name>
      <bndbox>
        <xmin>1732</xmin>
        <xmax>2184</xmax>
        <ymin>6</ymin>
        <ymax>7</ymax>
        <period>213</period>
        <soglia>0.64</soglia>
      </bndbox>
    </object>
    <object>
      <name>noise</name>
      <bndbox>
        <xmin>2184</xmin>
        <xmax>2500</xmax>
        <ymin>9</ymin>
        <ymax>10</ymax>
        <period>1351</period>
        <soglia>0.76</soglia>
      </bndbox>
    </object>
  </boxes>
</annotation>