<?xml version="1.0" encoding="utf-8"?>
<annotation>
  <filename>3-salti-63.csv</filename>
  <size>
    <width>2500</width>
    <height>15</height>
    <depth>1</depth>
  </size>
  <boxes>
    <object>
      <name>fragment</name>
      <bndbox>
        <xmin>0</xmin>
        <xmax>384</xmax>
        <ymin>7</ymin>
        <ymax>8</ymax>
        <period>345</period>
        <soglia>0.23</soglia>
      </bndbox>
    </object>
    <object>
      <name>noise</name>
      <bndbox>
        <xmin>384</xmin>
        <xmax>796</xmax>
        <ymin>1</ymin>
        <ymax>3</ymax>
        <period>7</period>
        <soglia>0.53</soglia>
      </bndbox>
    </object>
    <object>
      <name>noise</name>
      <bndbox>
        <xmin>796</xmin>
        <xmax>1106</xmax>
        <ymin>2</ymin>
        <ymax>3</ymax>
        <period>13</period>
        <soglia>0.53</soglia>
      </bndbox>
    </object>
    <object>
      <name>fragment</name>
      <bndbox>
        <xmin>1106</xmin>
        <xmax>2500</xmax>
        <ymin>13</ymin>
        <ymax>14</ymax>
        <period>17539</period>
        <soglia>0.26</soglia>
      </bndbox>
    </object>
  </boxes>
</annotation>