<?xml version="1.0" encoding="utf-8"?>
<annotation>
  <filename>3-salti-106.csv</filename>
  <size>
    <width>2500</width>
    <height>15</height>
    <depth>1</depth>
  </size>
  <boxes>
    <object>
      <name>fragment</name>
      <bndbox>
        <xmin>0</xmin>
        <xmax>1200</xmax>
        <ymin>11</ymin>
        <ymax>12</ymax>
        <period>5142</period>
        <soglia>0.3</soglia>
      </bndbox>
    </object>
    <object>
      <name>noise</name>
      <bndbox>
        <xmin>1200</xmin>
        <xmax>1820</xmax>
        <ymin>9</ymin>
        <ymax>10</ymax>
        <period>1639</period>
        <soglia>0.61</soglia>
      </bndbox>
    </object>
    <object>
      <name>fragment</name>
      <bndbox>
        <xmin>1820</xmin>
        <xmax>2171</xmax>
        <ymin>2</ymin>
        <ymax>3</ymax>
        <period>9</period>
        <soglia>0.42</soglia>
      </bndbox>
    </object>
    <object>
      <name>fragment</name>
      <bndbox>
        <xmin>2171</xmin>
        <xmax>2500</xmax>
        <ymin>8</ymin>
        <ymax>9</ymax>
        <period>695</period>
        <soglia>0.35</soglia>
      </bndbox>
    </object>
  </boxes>
</annotation>