<?xml version="1.0" encoding="utf-8"?>
<annotation>
  <filename>3-salti-62.csv</filename>
  <size>
    <width>2500</width>
    <height>15</height>
    <depth>1</depth>
  </size>
  <boxes>
    <object>
      <name>fragment</name>
      <bndbox>
        <xmin>0</xmin>
        <xmax>462</xmax>
        <ymin>0</ymin>
        <ymax>1</ymax>
        <period>2</period>
        <soglia>0.33</soglia>
      </bndbox>
    </object>
    <object>
      <name>fragment</name>
      <bndbox>
        <xmin>462</xmin>
        <xmax>997</xmax>
        <ymin>1</ymin>
        <ymax>3</ymax>
        <period>7</period>
        <soglia>0.5</soglia>
      </bndbox>
    </object>
    <object>
      <name>noise</name>
      <bndbox>
        <xmin>997</xmin>
        <xmax>1618</xmax>
        <ymin>13</ymin>
        <ymax>15</ymax>
        <period>31630</period>
        <soglia>0.77</soglia>
      </bndbox>
    </object>
    <object>
      <name>noise</name>
      <bndbox>
        <xmin>1618</xmin>
        <xmax>2500</xmax>
        <ymin>0</ymin>
        <ymax>1</ymax>
        <period>2</period>
        <soglia>0.61</soglia>
      </bndbox>
    </object>
  </boxes>
</annotation>