<?xml version="1.0" encoding="utf-8"?>
<annotation>
  <filename>3-salti-12.csv</filename>
  <size>
    <width>2500</width>
    <height>15</height>
    <depth>1</depth>
  </size>
  <boxes>
    <object>
      <name>noise</name>
      <bndbox>
        <xmin>0</xmin>
        <xmax>474</xmax>
        <ymin>10</ymin>
        <ymax>11</ymax>
        <period>2816</period>
        <soglia>0.67</soglia>
      </bndbox>
    </object>
    <object>
      <name>fragment</name>
      <bndbox>
        <xmin>474</xmin>
        <xmax>956</xmax>
        <ymin>8</ymin>
        <ymax>9</ymax>
        <period>702</period>
        <soglia>0.41</soglia>
      </bndbox>
    </object>
    <object>
      <name>noise</name>
      <bndbox>
        <xmin>956</xmin>
        <xmax>1899</xmax>
        <ymin>6</ymin>
        <ymax>7</ymax>
        <period>145</period>
        <soglia>0.6</soglia>
      </bndbox>
    </object>
    <object>
      <name>noise</name>
      <bndbox>
        <xmin>1899</xmin>
        <xmax>2500</xmax>
        <ymin>5</ymin>
        <ymax>6</ymax>
        <period>94</period>
        <soglia>0.82</soglia>
      </bndbox>
    </object>
  </boxes>
</annotation>