<?xml version="1.0" encoding="utf-8"?>
<annotation>
  <filename>3-salti-150.csv</filename>
  <size>
    <width>2500</width>
    <height>15</height>
    <depth>1</depth>
  </size>
  <boxes>
    <object>
      <name>noise</name>
      <bndbox>
        <xmin>0</xmin>
        <xmax>667</xmax>
        <ymin>1</ymin>
        <ymax>2</ymax>
        <period>6</period>
        <soglia>0.56</soglia>
      </bndbox>
    </object>
    <object>
      <name>noise</name>
      <bndbox>
        <xmin>667</xmin>
        <xmax>1214</xmax>
        <ymin>4</ymin>
        <ymax>5</ymax>
        <period>36</period>
        <soglia>0.54</soglia>
      </bndbox>
    </object>
    <object>
      <name>noise</name>
      <bndbox>
        <xmin>1214</xmin>
        <xmax>2082</xmax>
        <ymin>11</ymin>
        <ymax>12</ymax>
        <period>6110</period>
        <soglia>0.79</soglia>
      </bndbox>
    </object>
    <object>
      <name>fragment</name>
      <bndbox>
        <xmin>2082</xmin>
        <xmax>2500</xmax>
        <ymin>0</ymin>
        <ymax>1</ymax>
        <period>2</period>
        <soglia>0.17</soglia>
      </bndbox>
    </object>
  </boxes>
</annotation>