<?xml version="1.0" encoding="utf-8"?>
<annotation>
  <filename>3-salti-146.csv</filename>
  <size>
    <width>2500</width>
    <height>15</height>
    <depth>1</depth>
  </size>
  <boxes>
    <object>
      <name>noise</name>
      <bndbox>
        <xmin>0</xmin>
        <xmax>444</xmax>
        <ymin>6</ymin>
        <ymax>7</ymax>
        <period>169</period>
        <soglia>0.88</soglia>
      </bndbox>
    </object>
    <object>
      <name>fragment</name>
      <bndbox>
        <xmin>444</xmin>
        <xmax>774</xmax>
        <ymin>8</ymin>
        <ymax>9</ymax>
        <period>741</period>
        <soglia>0.42</soglia>
      </bndbox>
    </object>
    <object>
      <name>noise</name>
      <bndbox>
        <xmin>774</xmin>
        <xmax>1084</xmax>
        <ymin>13</ymin>
        <ymax>14</ymax>
        <period>17705</period>
        <soglia>0.87</soglia>
      </bndbox>
    </object>
    <object>
      <name>fragment</name>
      <bndbox>
        <xmin>1084</xmin>
        <xmax>2500</xmax>
        <ymin>10</ymin>
        <ymax>12</ymax>
        <period>3984</period>
        <soglia>0.2</soglia>
      </bndbox>
    </object>
  </boxes>
</annotation>