<?xml version="1.0" encoding="utf-8"?>
<annotation>
  <filename>3-salti-65.csv</filename>
  <size>
    <width>2500</width>
    <height>15</height>
    <depth>1</depth>
  </size>
  <boxes>
    <object>
      <name>noise</name>
      <bndbox>
        <xmin>0</xmin>
        <xmax>1576</xmax>
        <ymin>9</ymin>
        <ymax>10</ymax>
        <period>1720</period>
        <soglia>0.68</soglia>
      </bndbox>
    </object>
    <object>
      <name>fragment</name>
      <bndbox>
        <xmin>1576</xmin>
        <xmax>1894</xmax>
        <ymin>0</ymin>
        <ymax>2</ymax>
        <period>3</period>
        <soglia>0.35</soglia>
      </bndbox>
    </object>
    <object>
      <name>noise</name>
      <bndbox>
        <xmin>1894</xmin>
        <xmax>2198</xmax>
        <ymin>8</ymin>
        <ymax>9</ymax>
        <period>592</period>
        <soglia>0.7</soglia>
      </bndbox>
    </object>
    <object>
      <name>fragment</name>
      <bndbox>
        <xmin>2198</xmin>
        <xmax>2500</xmax>
        <ymin>12</ymin>
        <ymax>14</ymax>
        <period>16355</period>
        <soglia>0.5</soglia>
      </bndbox>
    </object>
  </boxes>
</annotation>