<?xml version="1.0" encoding="utf-8"?>
<annotation>
  <filename>3-salti-3.csv</filename>
  <size>
    <width>2500</width>
    <height>15</height>
    <depth>1</depth>
  </size>
  <boxes>
    <object>
      <name>fragment</name>
      <bndbox>
        <xmin>0</xmin>
        <xmax>480</xmax>
        <ymin>1</ymin>
        <ymax>2</ymax>
        <period>6</period>
        <soglia>0.42</soglia>
      </bndbox>
    </object>
    <object>
      <name>noise</name>
      <bndbox>
        <xmin>480</xmin>
        <xmax>896</xmax>
        <ymin>11</ymin>
        <ymax>12</ymax>
        <period>6419</period>
        <soglia>0.53</soglia>
      </bndbox>
    </object>
    <object>
      <name>fragment</name>
      <bndbox>
        <xmin>896</xmin>
        <xmax>1998</xmax>
        <ymin>1</ymin>
        <ymax>2</ymax>
        <period>5</period>
        <soglia>0.11</soglia>
      </bndbox>
    </object>
    <object>
      <name>noise</name>
      <bndbox>
        <xmin>1998</xmin>
        <xmax>2500</xmax>
        <ymin>7</ymin>
        <ymax>8</ymax>
        <period>313</period>
        <soglia>0.83</soglia>
      </bndbox>
    </object>
  </boxes>
</annotation>