<?xml version="1.0" encoding="utf-8"?>
<annotation>
  <filename>3-salti-36.csv</filename>
  <size>
    <width>2500</width>
    <height>15</height>
    <depth>1</depth>
  </size>
  <boxes>
    <object>
      <name>fragment</name>
      <bndbox>
        <xmin>0</xmin>
        <xmax>669</xmax>
        <ymin>9</ymin>
        <ymax>10</ymax>
        <period>1521</period>
        <soglia>0.5</soglia>
      </bndbox>
    </object>
    <object>
      <name>fragment</name>
      <bndbox>
        <xmin>669</xmin>
        <xmax>1020</xmax>
        <ymin>5</ymin>
        <ymax>6</ymax>
        <period>65</period>
        <soglia>0.26</soglia>
      </bndbox>
    </object>
    <object>
      <name>noise</name>
      <bndbox>
        <xmin>1020</xmin>
        <xmax>2124</xmax>
        <ymin>9</ymin>
        <ymax>10</ymax>
        <period>1620</period>
        <soglia>0.77</soglia>
      </bndbox>
    </object>
    <object>
      <name>noise</name>
      <bndbox>
        <xmin>2124</xmin>
        <xmax>2500</xmax>
        <ymin>0</ymin>
        <ymax>2</ymax>
        <period>3</period>
        <soglia>0.58</soglia>
      </bndbox>
    </object>
  </boxes>
</annotation>