<?xml version="1.0" encoding="utf-8"?>
<annotation>
  <filename>3-salti-183.csv</filename>
  <size>
    <width>2500</width>
    <height>15</height>
    <depth>1</depth>
  </size>
  <boxes>
    <object>
      <name>noise</name>
      <bndbox>
        <xmin>0</xmin>
        <xmax>1029</xmax>
        <ymin>10</ymin>
        <ymax>11</ymax>
        <period>3318</period>
        <soglia>0.55</soglia>
      </bndbox>
    </object>
    <object>
      <name>noise</name>
      <bndbox>
        <xmin>1029</xmin>
        <xmax>1656</xmax>
        <ymin>13</ymin>
        <ymax>14</ymax>
        <period>18420</period>
        <soglia>0.81</soglia>
      </bndbox>
    </object>
    <object>
      <name>fragment</name>
      <bndbox>
        <xmin>1656</xmin>
        <xmax>2165</xmax>
        <ymin>3</ymin>
        <ymax>4</ymax>
        <period>22</period>
        <soglia>0.36</soglia>
      </bndbox>
    </object>
    <object>
      <name>fragment</name>
      <bndbox>
        <xmin>2165</xmin>
        <xmax>2500</xmax>
        <ymin>10</ymin>
        <ymax>11</ymax>
        <period>3098</period>
        <soglia>0.5</soglia>
      </bndbox>
    </object>
  </boxes>
</annotation>