<?xml version="1.0" encoding="utf-8"?>
<annotation>
  <filename>3-salti-1.csv</filename>
  <size>
    <width>2500</width>
    <height>15</height>
    <depth>1</depth>
  </size>
  <boxes>
    <object>
      <name>noise</name>
      <bndbox>
        <xmin>0</xmin>
        <xmax>1109</xmax>
        <ymin>12</ymin>
        <ymax>13</ymax>
        <period>8627</period>
        <soglia>0.61</soglia>
      </bndbox>
    </object>
    <object>
      <name>noise</name>
      <bndbox>
        <xmin>1109</xmin>
        <xmax>1702</xmax>
        <ymin>0</ymin>
        <ymax>2</ymax>
        <period>3</period>
        <soglia>0.87</soglia>
      </bndbox>
    </object>
    <object>
      <name>fragment</name>
      <bndbox>
        <xmin>1702</xmin>
        <xmax>2060</xmax>
        <ymin>7</ymin>
        <ymax>8</ymax>
        <period>418</period>
        <soglia>0.38</soglia>
      </bndbox>
    </object>
    <object>
      <name>fragment</name>
      <bndbox>
        <xmin>2060</xmin>
        <xmax>2500</xmax>
        <ymin>5</ymin>
        <ymax>6</ymax>
        <period>102</period>
        <soglia>0.14</soglia>
      </bndbox>
    </object>
  </boxes>
</annotation>