<?xml version="1.0" encoding="utf-8"?>
<annotation>
  <filename>3-salti-187.csv</filename>
  <size>
    <width>2500</width>
    <height>15</height>
    <depth>1</depth>
  </size>
  <boxes>
    <object>
      <name>fragment</name>
      <bndbox>
        <xmin>0</xmin>
        <xmax>360</xmax>
        <ymin>10</ymin>
        <ymax>11</ymax>
        <period>2197</period>
        <soglia>0.2</soglia>
      </bndbox>
    </object>
    <object>
      <name>fragment</name>
      <bndbox>
        <xmin>360</xmin>
        <xmax>1821</xmax>
        <ymin>13</ymin>
        <ymax>15</ymax>
        <period>30058</period>
        <soglia>0.26</soglia>
      </bndbox>
    </object>
    <object>
      <name>fragment</name>
      <bndbox>
        <xmin>1821</xmin>
        <xmax>2128</xmax>
        <ymin>8</ymin>
        <ymax>10</ymax>
        <period>975</period>
        <soglia>0.46</soglia>
      </bndbox>
    </object>
    <object>
      <name>fragment</name>
      <bndbox>
        <xmin>2128</xmin>
        <xmax>2500</xmax>
        <ymin>7</ymin>
        <ymax>9</ymax>
        <period>501</period>
        <soglia>0.28</soglia>
      </bndbox>
    </object>
  </boxes>
</annotation>